﻿<?xml version="1.0" encoding="UTF-8"?>
<AdaptationData>
  <Adaptation AdaptationID="Game difficulty - Player skill">
    <Game GameID="Qwirkle">
      <ScenarioData>
        <Scenario ScenarioID="Very Easy AI">
          <Rating>0.60354183235354</Rating>
          <PlayCount>3</PlayCount>
          <KFactor>0.03365625</KFactor>
          <Uncertainty>0.95</Uncertainty>
          <LastPlayed>2015/07/29 09:52:08</LastPlayed>
          <TimeLimit>900000</TimeLimit>
        </Scenario>
        <Scenario ScenarioID="Easy AI">
          <Rating>0.802229017857767</Rating>
          <PlayCount>9</PlayCount>
          <KFactor>0.03046875</KFactor>
          <Uncertainty>0.8</Uncertainty>
          <LastPlayed>2015/07/29 11:59:06</LastPlayed>
          <TimeLimit>900000</TimeLimit>
        </Scenario>
        <Scenario ScenarioID="Medium Color AI">
          <Rating>1.1909158448601</Rating>
          <PlayCount>4</PlayCount>
          <KFactor>0.034875</KFactor>
          <Uncertainty>0.95</Uncertainty>
          <LastPlayed>2015/07/29 11:55:48</LastPlayed>
          <TimeLimit>900000</TimeLimit>
        </Scenario>
        <Scenario ScenarioID="Medium Shape AI">
          <Rating>1.22000184144256</Rating>
          <PlayCount>8</PlayCount>
          <KFactor>0.0309375</KFactor>
          <Uncertainty>0.825</Uncertainty>
          <LastPlayed>2015/07/29 11:48:19</LastPlayed>
          <TimeLimit>900000</TimeLimit>
        </Scenario>
        <Scenario ScenarioID="Hard AI">
          <Rating>1.48201724232065</Rating>
          <PlayCount>3</PlayCount>
          <KFactor>0.03478125</KFactor>
          <Uncertainty>0.95</Uncertainty>
          <LastPlayed>2015/07/29 11:50:59</LastPlayed>
          <TimeLimit>900000</TimeLimit>
        </Scenario>
        <Scenario ScenarioID="Very Hard AI">
          <Rating>1.84523976312174</Rating>
          <PlayCount>5</PlayCount>
          <KFactor>0.0335625</KFactor>
          <Uncertainty>0.9</Uncertainty>
          <LastPlayed>2015/07/29 12:02:23</LastPlayed>
          <TimeLimit>900000</TimeLimit>
        </Scenario>
      </ScenarioData>
      <PlayerData>
        <Player PlayerID="Noob">
          <Rating>0.467453703303915</Rating>
          <PlayCount>31</PlayCount>
          <KFactor>0.011625</KFactor>
          <Uncertainty>0.25</Uncertainty>
          <LastPlayed>2015/07/29 12:02:23</LastPlayed>
        </Player>
      </PlayerData>
    </Game>
    <Game GameID="Stickers">
      <ScenarioData>
        <Scenario ScenarioID="Troll">
          <Rating>0.496173252496215</Rating>
          <PlayCount>3</PlayCount>
          <KFactor>0.03346875</KFactor>
          <Uncertainty>0.95</Uncertainty>
          <LastPlayed>2015/08/25 01:43:52</LastPlayed>
          <TimeLimit>600000</TimeLimit>
        </Scenario>
        <Scenario ScenarioID="Ogre">
          <Rating>0.759928320056025</Rating>
          <PlayCount>1</PlayCount>
          <KFactor>0.03375</KFactor>
          <Uncertainty>1</Uncertainty>
          <LastPlayed>2015/08/25 12:29:43</LastPlayed>
          <TimeLimit>600000</TimeLimit>
        </Scenario>
        <Scenario ScenarioID="Pirate">
          <Rating>0.807851535733174</Rating>
          <PlayCount>5</PlayCount>
          <KFactor>0.0316875</KFactor>
          <Uncertainty>0.9</Uncertainty>
          <LastPlayed>2015/08/25 01:39:05</LastPlayed>
          <TimeLimit>600000</TimeLimit>
        </Scenario>
        <Scenario ScenarioID="Knight">
          <Rating>1.1587915039028</Rating>
          <PlayCount>1</PlayCount>
          <KFactor>0.03478125</KFactor>
          <Uncertainty>1</Uncertainty>
          <LastPlayed>2015/08/25 01:40:34</LastPlayed>
          <TimeLimit>600000</TimeLimit>
        </Scenario>
        <Scenario ScenarioID="Mage">
          <Rating>1.16689931962282</Rating>
          <PlayCount>6</PlayCount>
          <KFactor>0.0315</KFactor>
          <Uncertainty>0.875</Uncertainty>
          <LastPlayed>2015/08/25 01:51:41</LastPlayed>
          <TimeLimit>600000</TimeLimit>
        </Scenario>
        <Scenario ScenarioID="Engineer">
          <Rating>1.53047036717159</Rating>
          <PlayCount>3</PlayCount>
          <KFactor>0.0339375</KFactor>
          <Uncertainty>0.95</Uncertainty>
          <LastPlayed>2015/08/25 01:53:55</LastPlayed>
          <TimeLimit>600000</TimeLimit>
        </Scenario>
      </ScenarioData>
      <PlayerData>
        <Player PlayerID="Noob">
          <Rating>0.551224895367915</Rating>
          <PlayCount>19</PlayCount>
          <KFactor>0.0204375</KFactor>
          <Uncertainty>0.55</Uncertainty>
          <LastPlayed>2015/08/25 01:53:55</LastPlayed>
        </Player>
      </PlayerData>
    </Game>
  </Adaptation>
</AdaptationData>