﻿<?xml version="1.0" encoding="UTF-8"?>
<GameplaysData>
  <Adaptation AdaptationID="Game difficulty - Player skill">
    <Game GameID="Qwirkle">
      <!--<Gameplay PlayerID="Ginormous noob" ScenarioID="Medium Color AI" Timestamp="2015/24/21 10:24:25">
        <RT>300000</RT>
        <Accuracy>0</Accuracy>
        <PlayerRating>0.9</PlayerRating>
        <ScenarioRating>2</ScenarioRating>
      </Gameplay>-->
      <Gameplay PlayerID="Noob" ScenarioID="Easy AI" Timestamp="2015/07/29 09:01:20">
        <RT>115657</RT>
        <Accuracy>1</Accuracy>
        <PlayerRating>0.0399778033856024</PlayerRating>
        <ScenarioRating>0.960022196614398</ScenarioRating>
      </Gameplay>
      <Gameplay PlayerID="Noob" ScenarioID="Easy AI" Timestamp="2015/07/29 09:03:46">
        <RT>143132</RT>
        <Accuracy>1</Accuracy>
        <PlayerRating>0.0774275394923526</PlayerRating>
        <ScenarioRating>0.922572460507648</ScenarioRating>
      </Gameplay>
      <Gameplay PlayerID="Noob" ScenarioID="Medium Shape AI" Timestamp="2015/07/29 09:07:56">
        <RT>230478</RT>
        <Accuracy>0</Accuracy>
        <PlayerRating>0.0654315945115238</PlayerRating>
        <ScenarioRating>1.31262363977634</ScenarioRating>
      </Gameplay>
      <Gameplay PlayerID="Noob" ScenarioID="Easy AI" Timestamp="2015/07/29 09:11:01">
        <RT>182080</RT>
        <Accuracy>1</Accuracy>
        <PlayerRating>0.099347379854335</PlayerRating>
        <ScenarioRating>0.887753592123164</ScenarioRating>
      </Gameplay>
      <Gameplay PlayerID="Noob" ScenarioID="Very Easy AI" Timestamp="2015/07/29 09:14:24">
        <RT>190660</RT>
        <Accuracy>1</Accuracy>
        <PlayerRating>0.129596681421642</PlayerRating>
        <ScenarioRating>0.666430653138721</ScenarioRating>
      </Gameplay>
      <Gameplay PlayerID="Noob" ScenarioID="Medium Shape AI" Timestamp="2015/07/29 09:18:13">
        <RT>226569</RT>
        <Accuracy>1</Accuracy>
        <PlayerRating>0.163004003453736</PlayerRating>
        <ScenarioRating>1.27546970218924</ScenarioRating>
      </Gameplay>
      <Gameplay PlayerID="Noob" ScenarioID="Easy AI" Timestamp="2015/07/29 09:21:09">
        <RT>173977</RT>
        <Accuracy>1</Accuracy>
        <PlayerRating>0.19372293746292</PlayerRating>
        <ScenarioRating>0.854401606627478</ScenarioRating>
      </Gameplay>
      <Gameplay PlayerID="Noob" ScenarioID="Very Hard AI" Timestamp="2015/07/29 09:24:03">
        <RT>171349</RT>
        <Accuracy>1</Accuracy>
        <PlayerRating>0.230536419228564</PlayerRating>
        <ScenarioRating>1.85555740852634</ScenarioRating>
      </Gameplay>
      <Gameplay PlayerID="Noob" ScenarioID="Very Hard AI" Timestamp="2015/07/29 09:29:05">
        <RT>300328</RT>
        <Accuracy>0</Accuracy>
        <PlayerRating>0.224939663262783</PlayerRating>
        <ScenarioRating>1.86234135515153</ScenarioRating>
      </Gameplay>
      <Gameplay PlayerID="Noob" ScenarioID="Very Easy AI" Timestamp="2015/07/29 09:31:41">
        <RT>153940</RT>
        <Accuracy>1</Accuracy>
        <PlayerRating>0.251335525725941</PlayerRating>
        <ScenarioRating>0.633458658850832</ScenarioRating>
      </Gameplay>
      <Gameplay PlayerID="Noob" ScenarioID="Medium Color AI" Timestamp="2015/07/29 09:35:12">
        <RT>207306</RT>
        <Accuracy>1</Accuracy>
        <PlayerRating>0.280105688361301</PlayerRating>
        <ScenarioRating>1.26198228508899</ScenarioRating>
      </Gameplay>
      <Gameplay PlayerID="Noob" ScenarioID="Easy AI" Timestamp="2015/07/29 09:38:27">
        <RT>187510</RT>
        <Accuracy>0</Accuracy>
        <PlayerRating>0.264469303170702</PlayerRating>
        <ScenarioRating>0.87360716669854</ScenarioRating>
      </Gameplay>
      <Gameplay PlayerID="Noob" ScenarioID="Easy AI" Timestamp="2015/07/29 09:42:05">
        <RT>161394</RT>
        <Accuracy>1</Accuracy>
        <PlayerRating>0.290163874623949</PlayerRating>
        <ScenarioRating>0.841894907507173</ScenarioRating>
      </Gameplay>
      <Gameplay PlayerID="Noob" ScenarioID="Easy AI" Timestamp="2015/07/29 09:44:41">
        <RT>154630</RT>
        <Accuracy>1</Accuracy>
        <PlayerRating>0.314934468082312</PlayerRating>
        <ScenarioRating>0.811168026308821</ScenarioRating>
      </Gameplay>
      <Gameplay PlayerID="Noob" ScenarioID="Medium Shape AI" Timestamp="2015/07/29 09:48:47">
        <RT>244668</RT>
        <Accuracy>0</Accuracy>
        <PlayerRating>0.304948275832487</PlayerRating>
        <ScenarioRating>1.28976992949099</ScenarioRating>
      </Gameplay>
      <Gameplay PlayerID="Noob" ScenarioID="Very Easy AI" Timestamp="2015/07/29 09:52:08">
        <RT>197847</RT>
        <Accuracy>1</Accuracy>
        <PlayerRating>0.325115050240133</PlayerRating>
        <ScenarioRating>0.60354183235354</ScenarioRating>
      </Gameplay>
      <Gameplay PlayerID="Noob" ScenarioID="Medium Shape AI" Timestamp="2015/07/29 09:54:42">
        <RT>152703</RT>
        <Accuracy>0</Accuracy>
        <PlayerRating>0.313502179235646</PlayerRating>
        <ScenarioRating>1.30716452776154</ScenarioRating>
      </Gameplay>
      <Gameplay PlayerID="Noob" ScenarioID="Very Hard AI" Timestamp="2015/07/29 09:57:54">
        <RT>191727</RT>
        <Accuracy>0</Accuracy>
        <PlayerRating>0.306340032670864</PlayerRating>
        <ScenarioRating>1.87378177510678</ScenarioRating>
      </Gameplay>
      <Gameplay PlayerID="Noob" ScenarioID="Easy AI" Timestamp="2015/07/29 10:00:29">
        <RT>151081</RT>
        <Accuracy>1</Accuracy>
        <PlayerRating>0.327196460257228</PlayerRating>
        <ScenarioRating>0.781052467193085</ScenarioRating>
      </Gameplay>
      <Gameplay PlayerID="Noob" ScenarioID="Hard AI" Timestamp="2015/07/29 10:04:47">
        <RT>256611</RT>
        <Accuracy>1</Accuracy>
        <PlayerRating>0.348634920669716</PlayerRating>
        <ScenarioRating>1.56093665145994</ScenarioRating>
      </Gameplay>
      <Gameplay PlayerID="Noob" ScenarioID="Very Hard AI" Timestamp="2015/07/29 10:07:41">
        <RT>173465</RT>
        <Accuracy>1</Accuracy>
        <PlayerRating>0.372442681029578</PlayerRating>
        <ScenarioRating>1.83203023477126</ScenarioRating>
      </Gameplay>
      <Gameplay PlayerID="Noob" ScenarioID="Medium Color AI" Timestamp="2015/07/29 11:27:00">
        <RT>170942</RT>
        <Accuracy>1</Accuracy>
        <PlayerRating>0.392201569071284</PlayerRating>
        <ScenarioRating>1.22379541856279</ScenarioRating>
      </Gameplay>
      <Gameplay PlayerID="Noob" ScenarioID="Medium Shape AI" Timestamp="2015/07/29 11:32:03">
        <RT>302277</RT>
        <Accuracy>0</Accuracy>
        <PlayerRating>0.385593636425267</PlayerRating>
        <ScenarioRating>1.31946653002806</ScenarioRating>
      </Gameplay>
      <Gameplay PlayerID="Noob" ScenarioID="Hard AI" Timestamp="2015/07/29 11:35:57">
        <RT>232535</RT>
        <Accuracy>1</Accuracy>
        <PlayerRating>0.403871636808318</PlayerRating>
        <ScenarioRating>1.52221207437721</ScenarioRating>
      </Gameplay>
      <Gameplay PlayerID="Noob" ScenarioID="Medium Shape AI" Timestamp="2015/07/29 11:39:17">
        <RT>198646</RT>
        <Accuracy>1</Accuracy>
        <PlayerRating>0.42120429499176</PlayerRating>
        <ScenarioRating>1.28500159121243</ScenarioRating>
      </Gameplay>
      <Gameplay PlayerID="Noob" ScenarioID="Medium Shape AI" Timestamp="2015/07/29 11:44:59">
        <RT>212547</RT>
        <Accuracy>1</Accuracy>
        <PlayerRating>0.437364295842013</PlayerRating>
        <ScenarioRating>1.25219484249836</ScenarioRating>
      </Gameplay>
      <Gameplay PlayerID="Noob" ScenarioID="Medium Shape AI" Timestamp="2015/07/29 11:48:19">
        <RT>197747</RT>
        <Accuracy>1</Accuracy>
        <PlayerRating>0.452875469077987</PlayerRating>
        <ScenarioRating>1.22000184144256</ScenarioRating>
      </Gameplay>
      <Gameplay PlayerID="Noob" ScenarioID="Hard AI" Timestamp="2015/07/29 11:50:59">
        <RT>158654</RT>
        <Accuracy>1</Accuracy>
        <PlayerRating>0.468693381423695</PlayerRating>
        <ScenarioRating>1.48201724232065</ScenarioRating>
      </Gameplay>
      <Gameplay PlayerID="Noob" ScenarioID="Medium Color AI" Timestamp="2015/07/29 11:55:48">
        <RT>269857</RT>
        <Accuracy>1</Accuracy>
        <PlayerRating>0.480890642635985</PlayerRating>
        <ScenarioRating>1.1909158448601</ScenarioRating>
      </Gameplay>
      <Gameplay PlayerID="Noob" ScenarioID="Easy AI" Timestamp="2015/07/29 11:59:06">
        <RT>184965</RT>
        <Accuracy>0</Accuracy>
        <PlayerRating>0.472029070665533</PlayerRating>
        <ScenarioRating>0.802229017857767</ScenarioRating>
      </Gameplay>
      <Gameplay PlayerID="Noob" ScenarioID="Very Hard AI" Timestamp="2015/07/29 12:02:23">
        <RT>180606</RT>
        <Accuracy>0</Accuracy>
        <PlayerRating>0.467453703303915</PlayerRating>
        <ScenarioRating>1.84523976312174</ScenarioRating>
      </Gameplay>
    </Game>
    <Game GameID="Stickers">
      <Gameplay PlayerID="Noob" ScenarioID="Ogre" Timestamp="2015/08/25 12:29:43">
        <RT>41179</RT>
        <Accuracy>1</Accuracy>
        <PlayerRating>0.0400716799439751</PlayerRating>
        <ScenarioRating>0.759928320056025</ScenarioRating>
      </Gameplay>
      <Gameplay PlayerID="Noob" ScenarioID="Pirate" Timestamp="2015/08/25 12:30:21">
        <RT>35034</RT>
        <Accuracy>1</Accuracy>
        <PlayerRating>0.0811074869034686</PlayerRating>
        <ScenarioRating>0.95791498206711</ScenarioRating>
      </Gameplay>
      <Gameplay PlayerID="Noob" ScenarioID="Pirate" Timestamp="2015/08/25 01:29:31">
        <RT>47632</RT>
        <Accuracy>1</Accuracy>
        <PlayerRating>0.11988510199319</PlayerRating>
        <ScenarioRating>0.918125777018527</ScenarioRating>
      </Gameplay>
      <Gameplay PlayerID="Noob" ScenarioID="Troll" Timestamp="2015/08/25 01:30:14">
        <RT>30802</RT>
        <Accuracy>1</Accuracy>
        <PlayerRating>0.15473339583236</PlayerRating>
        <ScenarioRating>0.562351396834468</ScenarioRating>
      </Gameplay>
      <Gameplay PlayerID="Noob" ScenarioID="Mage" Timestamp="2015/08/25 01:31:29">
        <RT>70852</RT>
        <Accuracy>1</Accuracy>
        <PlayerRating>0.19346542906015</PlayerRating>
        <ScenarioRating>1.35701688995453</ScenarioRating>
      </Gameplay>
      <Gameplay PlayerID="Noob" ScenarioID="Pirate" Timestamp="2015/08/25 01:32:19">
        <RT>40652</RT>
        <Accuracy>1</Accuracy>
        <PlayerRating>0.228656369856021</PlayerRating>
        <ScenarioRating>0.879984043050332</ScenarioRating>
      </Gameplay>
      <Gameplay PlayerID="Noob" ScenarioID="Engineer" Timestamp="2015/08/25 01:33:52">
        <RT>86193</RT>
        <Accuracy>0</Accuracy>
        <PlayerRating>0.215555357044375</PlayerRating>
        <ScenarioRating>1.61536849579828</ScenarioRating>
      </Gameplay>
      <Gameplay PlayerID="Noob" ScenarioID="Troll" Timestamp="2015/08/25 01:36:35">
        <RT>78396</RT>
        <Accuracy>1</Accuracy>
        <PlayerRating>0.243692245230595</PlayerRating>
        <ScenarioRating>0.529232895657901</ScenarioRating>
      </Gameplay>
      <Gameplay PlayerID="Noob" ScenarioID="Mage" Timestamp="2015/08/25 01:37:47">
        <RT>67408</RT>
        <Accuracy>1</Accuracy>
        <PlayerRating>0.277976729386106</PlayerRating>
        <ScenarioRating>1.315459939463</ScenarioRating>
      </Gameplay>
      <Gameplay PlayerID="Noob" ScenarioID="Pirate" Timestamp="2015/08/25 01:38:24">
        <RT>34785</RT>
        <Accuracy>1</Accuracy>
        <PlayerRating>0.309022989945533</PlayerRating>
        <ScenarioRating>0.84317662073761</ScenarioRating>
      </Gameplay>
      <Gameplay PlayerID="Noob" ScenarioID="Pirate" Timestamp="2015/08/25 01:39:05">
        <RT>35975</RT>
        <Accuracy>1</Accuracy>
        <PlayerRating>0.338704422316124</PlayerRating>
        <ScenarioRating>0.807851535733174</ScenarioRating>
      </Gameplay>
      <Gameplay PlayerID="Noob" ScenarioID="Knight" Timestamp="2015/08/25 01:40:34">
        <RT>53426</RT>
        <Accuracy>1</Accuracy>
        <PlayerRating>0.368916581179843</PlayerRating>
        <ScenarioRating>1.1587915039028</ScenarioRating>
      </Gameplay>
      <Gameplay PlayerID="Noob" ScenarioID="Mage" Timestamp="2015/08/25 01:43:12">
        <RT>139905</RT>
        <Accuracy>1</Accuracy>
        <PlayerRating>0.395474266307686</PlayerRating>
        <ScenarioRating>1.27991657139717</ScenarioRating>
      </Gameplay>
      <Gameplay PlayerID="Noob" ScenarioID="Troll" Timestamp="2015/08/25 01:43:52">
        <RT>34054</RT>
        <Accuracy>1</Accuracy>
        <PlayerRating>0.419366109264871</PlayerRating>
        <ScenarioRating>0.496173252496215</ScenarioRating>
      </Gameplay>
      <Gameplay PlayerID="Noob" ScenarioID="Mage" Timestamp="2015/08/25 01:44:51">
        <RT>51869</RT>
        <Accuracy>1</Accuracy>
        <PlayerRating>0.447301704930819</PlayerRating>
        <ScenarioRating>1.24096255353629</ScenarioRating>
      </Gameplay>
      <Gameplay PlayerID="Noob" ScenarioID="Mage" Timestamp="2015/08/25 01:50:52">
        <RT>52208</RT>
        <Accuracy>1</Accuracy>
        <PlayerRating>0.473998152727114</PlayerRating>
        <ScenarioRating>1.20343435028166</ScenarioRating>
      </Gameplay>
      <Gameplay PlayerID="Noob" ScenarioID="Mage" Timestamp="2015/08/25 01:51:41">
        <RT>45056</RT>
        <Accuracy>1</Accuracy>
        <PlayerRating>0.499768397566832</PlayerRating>
        <ScenarioRating>1.16689931962282</ScenarioRating>
      </Gameplay>
      <Gameplay PlayerID="Noob" ScenarioID="Engineer" Timestamp="2015/08/25 01:52:31">
        <RT>48082</RT>
        <Accuracy>1</Accuracy>
        <PlayerRating>0.526433612605381</PlayerRating>
        <ScenarioRating>1.57163754313506</ScenarioRating>
      </Gameplay>
      <Gameplay PlayerID="Noob" ScenarioID="Engineer" Timestamp="2015/08/25 01:53:55">
        <RT>67427</RT>
        <Accuracy>1</Accuracy>
        <PlayerRating>0.551224895367915</PlayerRating>
        <ScenarioRating>1.53047036717159</ScenarioRating>
      </Gameplay>
    </Game>
  </Adaptation>
</GameplaysData>