﻿<?xml version="1.0" encoding="UTF-8"?>
<AdaptationData>
  <Adaptation AdaptationID="Game difficulty - Player skill">
    <Game GameID="Qwirkle">
      <ScenarioData>
        <Scenario ScenarioID="Very Easy AI">
          <Rating>0.28759013736878</Rating>
          <PlayCount>38</PlayCount>
          <KFactor>0.00975</KFactor>
          <Uncertainty>0.075</Uncertainty>
          <LastPlayed>2015/09/2 02:44:47</LastPlayed>
          <TimeLimit>180000</TimeLimit>
        </Scenario>
        <Scenario ScenarioID="Easy AI">
          <Rating>0.944582054130216</Rating>
          <PlayCount>48</PlayCount>
          <KFactor>0.0075</KFactor>
          <Uncertainty>0</Uncertainty>
          <LastPlayed>2015/09/2 02:44:17</LastPlayed>
          <TimeLimit>180000</TimeLimit>
        </Scenario>
        <Scenario ScenarioID="Medium Color AI">
          <Rating>1.20190802934098</Rating>
          <PlayCount>18</PlayCount>
          <KFactor>0.0255</KFactor>
          <Uncertainty>0.6</Uncertainty>
          <LastPlayed>2015/09/2 02:44:06</LastPlayed>
          <TimeLimit>180000</TimeLimit>
        </Scenario>
        <Scenario ScenarioID="Medium Shape AI">
          <Rating>1.13349180686172</Rating>
          <PlayCount>13</PlayCount>
          <KFactor>0.0285</KFactor>
          <Uncertainty>0.7</Uncertainty>
          <LastPlayed>2015/09/2 02:44:34</LastPlayed>
          <TimeLimit>180000</TimeLimit>
        </Scenario>
        <Scenario ScenarioID="Hard AI">
          <Rating>1.34897310855427</Rating>
          <PlayCount>32</PlayCount>
          <KFactor>0.01425</KFactor>
          <Uncertainty>0.225</Uncertainty>
          <LastPlayed>2015/09/2 02:44:27</LastPlayed>
          <TimeLimit>180000</TimeLimit>
        </Scenario>
        <Scenario ScenarioID="Very Hard AI">
          <Rating>1.70824828425621</Rating>
          <PlayCount>46</PlayCount>
          <KFactor>0.0075</KFactor>
          <Uncertainty>0</Uncertainty>
          <LastPlayed>2015/09/2 02:15:31</LastPlayed>
          <TimeLimit>180000</TimeLimit>
        </Scenario>
      </ScenarioData>
      <PlayerData>
        <Player PlayerID="Noob">
          <Rating>0.477560572126309</Rating>
          <PlayCount>92</PlayCount>
          <KFactor>0.0069375</KFactor>
          <Uncertainty>0</Uncertainty>
          <LastPlayed>2015/09/2 01:46:35</LastPlayed>
        </Player>
        <Player PlayerID="TotalNoob">
          <Rating>-0.16813966576781</Rating>
          <PlayCount>102</PlayCount>
          <KFactor>0.00721875</KFactor>
          <Uncertainty>0</Uncertainty>
          <LastPlayed>2015/09/2 02:44:47</LastPlayed>
        </Player>
      </PlayerData>
    </Game>
    <Game GameID="Stickers">
      <ScenarioData>
        <Scenario ScenarioID="Troll">
          <Rating>0.496173252496215</Rating>
          <PlayCount>3</PlayCount>
          <KFactor>0.03346875</KFactor>
          <Uncertainty>0.95</Uncertainty>
          <LastPlayed>2015/08/25 01:43:52</LastPlayed>
          <TimeLimit>600000</TimeLimit>
        </Scenario>
        <Scenario ScenarioID="Ogre">
          <Rating>0.759928320056025</Rating>
          <PlayCount>1</PlayCount>
          <KFactor>0.03375</KFactor>
          <Uncertainty>1</Uncertainty>
          <LastPlayed>2015/08/25 12:29:43</LastPlayed>
          <TimeLimit>600000</TimeLimit>
        </Scenario>
        <Scenario ScenarioID="Pirate">
          <Rating>0.807851535733174</Rating>
          <PlayCount>5</PlayCount>
          <KFactor>0.0316875</KFactor>
          <Uncertainty>0.9</Uncertainty>
          <LastPlayed>2015/08/25 01:39:05</LastPlayed>
          <TimeLimit>600000</TimeLimit>
        </Scenario>
        <Scenario ScenarioID="Knight">
          <Rating>1.1587915039028</Rating>
          <PlayCount>1</PlayCount>
          <KFactor>0.03478125</KFactor>
          <Uncertainty>1</Uncertainty>
          <LastPlayed>2015/08/25 01:40:34</LastPlayed>
          <TimeLimit>600000</TimeLimit>
        </Scenario>
        <Scenario ScenarioID="Mage">
          <Rating>1.16689931962282</Rating>
          <PlayCount>6</PlayCount>
          <KFactor>0.0315</KFactor>
          <Uncertainty>0.875</Uncertainty>
          <LastPlayed>2015/08/25 01:51:41</LastPlayed>
          <TimeLimit>600000</TimeLimit>
        </Scenario>
        <Scenario ScenarioID="Engineer">
          <Rating>1.53047036717159</Rating>
          <PlayCount>3</PlayCount>
          <KFactor>0.0339375</KFactor>
          <Uncertainty>0.95</Uncertainty>
          <LastPlayed>2015/08/25 01:53:55</LastPlayed>
          <TimeLimit>600000</TimeLimit>
        </Scenario>
      </ScenarioData>
      <PlayerData>
        <Player PlayerID="Noob">
          <Rating>0.551224895367915</Rating>
          <PlayCount>19</PlayCount>
          <KFactor>0.0204375</KFactor>
          <Uncertainty>0.55</Uncertainty>
          <LastPlayed>2015/08/25 01:53:55</LastPlayed>
        </Player>
      </PlayerData>
    </Game>
  </Adaptation>
</AdaptationData>