﻿<?xml version="1.0" encoding="UTF-8"?>
<GameplaysData>
  <Adaptation AdaptationID="Game difficulty - Player skill">
    <Game GameID="Qwirkle">
      <Gameplay PlayerID="Noob" ScenarioID="Easy AI" Timestamp="2015/09/2 01:00:10">
        <RT>17603</RT>
        <Accuracy>1</Accuracy>
        <PlayerRating>0.0410143783856024</PlayerRating>
        <ScenarioRating>0.958985621614398</ScenarioRating>
      </Gameplay>
      <Gameplay PlayerID="Noob" ScenarioID="Medium Shape AI" Timestamp="2015/09/2 01:00:43">
        <RT>29633</RT>
        <Accuracy>1</Accuracy>
        <PlayerRating>0.0811578272218886</PlayerRating>
        <ScenarioRating>1.25883015616506</ScenarioRating>
      </Gameplay>
      <Gameplay PlayerID="Noob" ScenarioID="Easy AI" Timestamp="2015/09/2 01:01:09">
        <RT>20661</RT>
        <Accuracy>1</Accuracy>
        <PlayerRating>0.118800074769139</PlayerRating>
        <ScenarioRating>0.920361402392002</ScenarioRating>
      </Gameplay>
      <Gameplay PlayerID="Noob" ScenarioID="Very Easy AI" Timestamp="2015/09/2 01:01:19">
        <RT>7495</RT>
        <Accuracy>0</Accuracy>
        <PlayerRating>0.0945811478998488</PlayerRating>
        <ScenarioRating>0.726165090635572</ScenarioRating>
      </Gameplay>
      <Gameplay PlayerID="Noob" ScenarioID="Medium Color AI" Timestamp="2015/09/2 01:01:44">
        <RT>22157</RT>
        <Accuracy>0</Accuracy>
        <PlayerRating>0.0789196172755509</PlayerRating>
        <ScenarioRating>1.31738047910745</ScenarioRating>
      </Gameplay>
      <Gameplay PlayerID="Noob" ScenarioID="Very Easy AI" Timestamp="2015/09/2 01:01:53">
        <RT>5978</RT>
        <Accuracy>1</Accuracy>
        <PlayerRating>0.114332214962287</PlayerRating>
        <ScenarioRating>0.686780986666211</ScenarioRating>
      </Gameplay>
      <Gameplay PlayerID="Noob" ScenarioID="Very Hard AI" Timestamp="2015/09/2 01:02:32">
        <RT>14389</RT>
        <Accuracy>0</Accuracy>
        <PlayerRating>0.101982510425099</PlayerRating>
        <ScenarioRating>1.91448715339939</ScenarioRating>
      </Gameplay>
      <Gameplay PlayerID="Noob" ScenarioID="Very Easy AI" Timestamp="2015/09/2 01:02:49">
        <RT>13636</RT>
        <Accuracy>1</Accuracy>
        <PlayerRating>0.133965427016371</PlayerRating>
        <ScenarioRating>0.650094699987987</ScenarioRating>
      </Gameplay>
      <Gameplay PlayerID="Noob" ScenarioID="Medium Shape AI" Timestamp="2015/09/2 01:03:19">
        <RT>25188</RT>
        <Accuracy>1</Accuracy>
        <PlayerRating>0.167566603403418</PlayerRating>
        <ScenarioRating>1.21810145751409</ScenarioRating>
      </Gameplay>
      <Gameplay PlayerID="Noob" ScenarioID="Easy AI" Timestamp="2015/09/2 01:03:49">
        <RT>25537</RT>
        <Accuracy>0</Accuracy>
        <PlayerRating>0.150813879586045</PlayerRating>
        <ScenarioRating>0.940753511038666</ScenarioRating>
      </Gameplay>
      <Gameplay PlayerID="Noob" ScenarioID="Very Easy AI" Timestamp="2015/09/2 01:04:09">
        <RT>16350</RT>
        <Accuracy>1</Accuracy>
        <PlayerRating>0.17927904187243</PlayerRating>
        <ScenarioRating>0.615292770125481</ScenarioRating>
      </Gameplay>
      <Gameplay PlayerID="Noob" ScenarioID="Easy AI" Timestamp="2015/09/2 01:04:33">
        <RT>19046</RT>
        <Accuracy>0</Accuracy>
        <PlayerRating>0.162529896752212</PlayerRating>
        <ScenarioRating>0.961887886881268</ScenarioRating>
      </Gameplay>
      <Gameplay PlayerID="Noob" ScenarioID="Medium Shape AI" Timestamp="2015/09/2 01:05:26">
        <RT>26983</RT>
        <Accuracy>1</Accuracy>
        <PlayerRating>0.191914020247087</PlayerRating>
        <ScenarioRating>1.17877533734802</ScenarioRating>
      </Gameplay>
      <Gameplay PlayerID="Noob" ScenarioID="Hard AI" Timestamp="2015/09/2 01:05:46">
        <RT>15367</RT>
        <Accuracy>0</Accuracy>
        <PlayerRating>0.179973383661509</PlayerRating>
        <ScenarioRating>1.61739788065008</ScenarioRating>
      </Gameplay>
      <Gameplay PlayerID="Noob" ScenarioID="Easy AI" Timestamp="2015/09/2 01:06:37">
        <RT>47411</RT>
        <Accuracy>1</Accuracy>
        <PlayerRating>0.203296060172521</PlayerRating>
        <ScenarioRating>0.930235683044894</ScenarioRating>
      </Gameplay>
      <Gameplay PlayerID="Noob" ScenarioID="Medium Color AI" Timestamp="2015/09/2 01:07:15">
        <RT>32698</RT>
        <Accuracy>0</Accuracy>
        <PlayerRating>0.192575782816112</PlayerRating>
        <ScenarioRating>1.33370554877468</ScenarioRating>
      </Gameplay>
      <Gameplay PlayerID="Noob" ScenarioID="Hard AI" Timestamp="2015/09/2 01:08:36">
        <RT>44011</RT>
        <Accuracy>0</Accuracy>
        <PlayerRating>0.185269078126356</PlayerRating>
        <ScenarioRating>1.62893808376523</ScenarioRating>
      </Gameplay>
      <Gameplay PlayerID="Noob" ScenarioID="Very Easy AI" Timestamp="2015/09/2 01:09:08">
        <RT>28698</RT>
        <Accuracy>1</Accuracy>
        <PlayerRating>0.206262990509755</PlayerRating>
        <ScenarioRating>0.583525665861127</ScenarioRating>
      </Gameplay>
      <Gameplay PlayerID="Noob" ScenarioID="Very Hard AI" Timestamp="2015/09/2 01:09:34">
        <RT>18956</RT>
        <Accuracy>0</Accuracy>
        <PlayerRating>0.197877177241354</PlayerRating>
        <ScenarioRating>1.92878554468653</ScenarioRating>
      </Gameplay>
      <Gameplay PlayerID="Noob" ScenarioID="Very Hard AI" Timestamp="2015/09/2 01:09:59">
        <RT>17813</RT>
        <Accuracy>1</Accuracy>
        <PlayerRating>0.225205105310417</PlayerRating>
        <ScenarioRating>1.88154726902429</ScenarioRating>
      </Gameplay>
      <Gameplay PlayerID="Noob" ScenarioID="Medium Shape AI" Timestamp="2015/09/2 01:10:13">
        <RT>10761</RT>
        <Accuracy>0</Accuracy>
        <PlayerRating>0.213023227898461</PlayerRating>
        <ScenarioRating>1.20013862975519</ScenarioRating>
      </Gameplay>
      <Gameplay PlayerID="Noob" ScenarioID="Medium Color AI" Timestamp="2015/09/2 01:11:03">
        <RT>22304</RT>
        <Accuracy>0</Accuracy>
        <PlayerRating>0.203375093479273</PlayerRating>
        <ScenarioRating>1.35185796662521</ScenarioRating>
      </Gameplay>
      <Gameplay PlayerID="Noob" ScenarioID="Hard AI" Timestamp="2015/09/2 01:11:31">
        <RT>20804</RT>
        <Accuracy>1</Accuracy>
        <PlayerRating>0.226141314717042</PlayerRating>
        <ScenarioRating>1.58414003552317</ScenarioRating>
      </Gameplay>
      <Gameplay PlayerID="Noob" ScenarioID="Very Hard AI" Timestamp="2015/09/2 01:12:04">
        <RT>28346</RT>
        <Accuracy>0</Accuracy>
        <PlayerRating>0.219917699211103</PlayerRating>
        <ScenarioRating>1.89402926883788</ScenarioRating>
      </Gameplay>
      <Gameplay PlayerID="Noob" ScenarioID="Very Hard AI" Timestamp="2015/09/2 01:12:48">
        <RT>38887</RT>
        <Accuracy>1</Accuracy>
        <PlayerRating>0.240226869690032</PlayerRating>
        <ScenarioRating>1.85246631529961</ScenarioRating>
      </Gameplay>
      <Gameplay PlayerID="Noob" ScenarioID="Easy AI" Timestamp="2015/09/2 01:13:03">
        <RT>13261</RT>
        <Accuracy>1</Accuracy>
        <PlayerRating>0.258005819202685</PlayerRating>
        <ScenarioRating>0.893061515882074</ScenarioRating>
      </Gameplay>
      <Gameplay PlayerID="Noob" ScenarioID="Very Hard AI" Timestamp="2015/09/2 01:13:27">
        <RT>9811</RT>
        <Accuracy>0</Accuracy>
        <PlayerRating>0.250842357148228</PlayerRating>
        <ScenarioRating>1.86825330810752</ScenarioRating>
      </Gameplay>
      <Gameplay PlayerID="Noob" ScenarioID="Medium Color AI" Timestamp="2015/09/2 01:13:51">
        <RT>20020</RT>
        <Accuracy>1</Accuracy>
        <PlayerRating>0.267781961290106</PlayerRating>
        <ScenarioRating>1.31002751558098</ScenarioRating>
      </Gameplay>
      <Gameplay PlayerID="Noob" ScenarioID="Very Easy AI" Timestamp="2015/09/2 01:14:16">
        <RT>22106</RT>
        <Accuracy>1</Accuracy>
        <PlayerRating>0.280759387942315</PlayerRating>
        <ScenarioRating>0.551496272421633</ScenarioRating>
      </Gameplay>
      <Gameplay PlayerID="Noob" ScenarioID="Hard AI" Timestamp="2015/09/2 01:14:38">
        <RT>19340</RT>
        <Accuracy>1</Accuracy>
        <PlayerRating>0.296536103558211</PlayerRating>
        <ScenarioRating>1.5401820110972</ScenarioRating>
      </Gameplay>
      <Gameplay PlayerID="Noob" ScenarioID="Medium Color AI" Timestamp="2015/09/2 01:15:09">
        <RT>26487</RT>
        <Accuracy>1</Accuracy>
        <PlayerRating>0.310132693052086</PlayerRating>
        <ScenarioRating>1.27077284591318</ScenarioRating>
      </Gameplay>
      <Gameplay PlayerID="Noob" ScenarioID="Very Hard AI" Timestamp="2015/09/2 01:15:33">
        <RT>18692</RT>
        <Accuracy>1</Accuracy>
        <PlayerRating>0.325035152742139</PlayerRating>
        <ScenarioRating>1.82493514138135</ScenarioRating>
      </Gameplay>
      <Gameplay PlayerID="Noob" ScenarioID="Hard AI" Timestamp="2015/09/2 01:15:41">
        <RT>5162</RT>
        <Accuracy>1</Accuracy>
        <PlayerRating>0.338616678704753</PlayerRating>
        <ScenarioRating>1.49491025788849</ScenarioRating>
      </Gameplay>
      <Gameplay PlayerID="Noob" ScenarioID="Medium Shape AI" Timestamp="2015/09/2 01:16:21">
        <RT>11139</RT>
        <Accuracy>1</Accuracy>
        <PlayerRating>0.349979328678315</PlayerRating>
        <ScenarioRating>1.15911946335063</ScenarioRating>
      </Gameplay>
      <Gameplay PlayerID="Noob" ScenarioID="Hard AI" Timestamp="2015/09/2 01:16:42">
        <RT>19441</RT>
        <Accuracy>1</Accuracy>
        <PlayerRating>0.360825171606803</PlayerRating>
        <ScenarioRating>1.45362608158005</ScenarioRating>
      </Gameplay>
      <Gameplay PlayerID="Noob" ScenarioID="Very Hard AI" Timestamp="2015/09/2 01:17:35">
        <RT>46430</RT>
        <Accuracy>1</Accuracy>
        <PlayerRating>0.370384927483691</PlayerRating>
        <ScenarioRating>1.78768505813692</ScenarioRating>
      </Gameplay>
      <Gameplay PlayerID="Noob" ScenarioID="Medium Color AI" Timestamp="2015/09/2 01:17:49">
        <RT>7055</RT>
        <Accuracy>1</Accuracy>
        <PlayerRating>0.379378569347689</PlayerRating>
        <ScenarioRating>1.22919185236015</ScenarioRating>
      </Gameplay>
      <Gameplay PlayerID="Noob" ScenarioID="Very Hard AI" Timestamp="2015/09/2 01:18:16">
        <RT>22179</RT>
        <Accuracy>1</Accuracy>
        <PlayerRating>0.388112637973413</PlayerRating>
        <ScenarioRating>1.74728999074295</ScenarioRating>
      </Gameplay>
      <Gameplay PlayerID="Noob" ScenarioID="Very Hard AI" Timestamp="2015/09/2 01:19:06">
        <RT>22172</RT>
        <Accuracy>0</Accuracy>
        <PlayerRating>0.385240822943306</PlayerRating>
        <ScenarioRating>1.76169324766318</ScenarioRating>
      </Gameplay>
      <Gameplay PlayerID="Noob" ScenarioID="Medium Color AI" Timestamp="2015/09/2 01:19:22">
        <RT>11459</RT>
        <Accuracy>1</Accuracy>
        <PlayerRating>0.391341863817625</PlayerRating>
        <ScenarioRating>1.18953508667708</ScenarioRating>
      </Gameplay>
      <Gameplay PlayerID="Noob" ScenarioID="Very Hard AI" Timestamp="2015/09/2 01:19:40">
        <RT>12494</RT>
        <Accuracy>0</Accuracy>
        <PlayerRating>0.388893219494586</PlayerRating>
        <ScenarioRating>1.77736457133063</ScenarioRating>
      </Gameplay>
      <Gameplay PlayerID="Noob" ScenarioID="Easy AI" Timestamp="2015/09/2 01:19:55">
        <RT>10353</RT>
        <Accuracy>1</Accuracy>
        <PlayerRating>0.393670429467048</PlayerRating>
        <ScenarioRating>0.856505474353671</ScenarioRating>
      </Gameplay>
      <Gameplay PlayerID="Noob" ScenarioID="Very Hard AI" Timestamp="2015/09/2 01:20:10">
        <RT>9710</RT>
        <Accuracy>0</Accuracy>
        <PlayerRating>0.391113974045494</PlayerRating>
        <ScenarioRating>1.79300406332131</ScenarioRating>
      </Gameplay>
      <Gameplay PlayerID="Noob" ScenarioID="Medium Color AI" Timestamp="2015/09/2 01:23:02">
        <RT>26232</RT>
        <Accuracy>1</Accuracy>
        <PlayerRating>0.396003774962413</PlayerRating>
        <ScenarioRating>1.15374590549793</ScenarioRating>
      </Gameplay>
      <Gameplay PlayerID="Noob" ScenarioID="Hard AI" Timestamp="2015/09/2 01:23:27">
        <RT>20612</RT>
        <Accuracy>1</Accuracy>
        <PlayerRating>0.40124026893117</PlayerRating>
        <ScenarioRating>1.41355551903652</ScenarioRating>
      </Gameplay>
      <Gameplay PlayerID="Noob" ScenarioID="Medium Shape AI" Timestamp="2015/09/2 01:24:05">
        <RT>32975</RT>
        <Accuracy>0</Accuracy>
        <PlayerRating>0.398821438928998</PlayerRating>
        <ScenarioRating>1.178470103368</ScenarioRating>
      </Gameplay>
      <Gameplay PlayerID="Noob" ScenarioID="Easy AI" Timestamp="2015/09/2 01:24:33">
        <RT>25223</RT>
        <Accuracy>0</Accuracy>
        <PlayerRating>0.395695646231455</PlayerRating>
        <ScenarioRating>0.879383616650583</ScenarioRating>
      </Gameplay>
      <Gameplay PlayerID="Noob" ScenarioID="Very Hard AI" Timestamp="2015/09/2 01:25:16">
        <RT>35757</RT>
        <Accuracy>0</Accuracy>
        <PlayerRating>0.39381013067509</PlayerRating>
        <ScenarioRating>1.80402707734314</ScenarioRating>
      </Gameplay>
      <Gameplay PlayerID="Noob" ScenarioID="Very Hard AI" Timestamp="2015/09/2 01:26:26">
        <RT>37402</RT>
        <Accuracy>0</Accuracy>
        <PlayerRating>0.391948775675278</PlayerRating>
        <ScenarioRating>1.81442256941756</ScenarioRating>
      </Gameplay>
      <Gameplay PlayerID="Noob" ScenarioID="Very Easy AI" Timestamp="2015/09/2 01:26:48">
        <RT>18710</RT>
        <Accuracy>1</Accuracy>
        <PlayerRating>0.396041976514046</PlayerRating>
        <ScenarioRating>0.520174387742366</ScenarioRating>
      </Gameplay>
      <Gameplay PlayerID="Noob" ScenarioID="Hard AI" Timestamp="2015/09/2 01:27:03">
        <RT>12115</RT>
        <Accuracy>1</Accuracy>
        <PlayerRating>0.40155220026823</PlayerRating>
        <ScenarioRating>1.37322537070802</ScenarioRating>
      </Gameplay>
      <Gameplay PlayerID="Noob" ScenarioID="Medium Color AI" Timestamp="2015/09/2 01:27:27">
        <RT>16780</RT>
        <Accuracy>1</Accuracy>
        <PlayerRating>0.406720602605954</PlayerRating>
        <ScenarioRating>1.11756708913386</ScenarioRating>
      </Gameplay>
      <Gameplay PlayerID="Noob" ScenarioID="Easy AI" Timestamp="2015/09/2 01:27:38">
        <RT>8382</RT>
        <Accuracy>1</Accuracy>
        <PlayerRating>0.411709707120676</PlayerRating>
        <ScenarioRating>0.844459885047528</ScenarioRating>
      </Gameplay>
      <Gameplay PlayerID="Noob" ScenarioID="Medium Color AI" Timestamp="2015/09/2 01:27:53">
        <RT>7826</RT>
        <Accuracy>0</Accuracy>
        <PlayerRating>0.408362249069074</PlayerRating>
        <ScenarioRating>1.13997456343846</ScenarioRating>
      </Gameplay>
      <Gameplay PlayerID="Noob" ScenarioID="Hard AI" Timestamp="2015/09/2 01:28:00">
        <RT>4338</RT>
        <Accuracy>1</Accuracy>
        <PlayerRating>0.414118555204811</PlayerRating>
        <ScenarioRating>1.33293122775786</ScenarioRating>
      </Gameplay>
      <Gameplay PlayerID="Noob" ScenarioID="Hard AI" Timestamp="2015/09/2 01:29:04">
        <RT>21788</RT>
        <Accuracy>0</Accuracy>
        <PlayerRating>0.411414472578583</PlayerRating>
        <ScenarioRating>1.35103202574567</ScenarioRating>
      </Gameplay>
      <Gameplay PlayerID="Noob" ScenarioID="Very Hard AI" Timestamp="2015/09/2 01:29:41">
        <RT>30461</RT>
        <Accuracy>1</Accuracy>
        <PlayerRating>0.417725820305733</PlayerRating>
        <ScenarioRating>1.78076204820609</ScenarioRating>
      </Gameplay>
      <Gameplay PlayerID="Noob" ScenarioID="Medium Color AI" Timestamp="2015/09/2 01:29:54">
        <RT>7509</RT>
        <Accuracy>0</Accuracy>
        <PlayerRating>0.414324988515968</PlayerRating>
        <ScenarioRating>1.16173988689295</ScenarioRating>
      </Gameplay>
      <Gameplay PlayerID="Noob" ScenarioID="Very Hard AI" Timestamp="2015/09/2 01:30:30">
        <RT>28154</RT>
        <Accuracy>0</Accuracy>
        <PlayerRating>0.412075274048193</PlayerRating>
        <ScenarioRating>1.79221514004203</ScenarioRating>
      </Gameplay>
      <Gameplay PlayerID="Noob" ScenarioID="Easy AI" Timestamp="2015/09/2 01:31:56">
        <RT>25532</RT>
        <Accuracy>0</Accuracy>
        <PlayerRating>0.408787103016594</PlayerRating>
        <ScenarioRating>0.866470499299861</ScenarioRating>
      </Gameplay>
      <Gameplay PlayerID="Noob" ScenarioID="Very Hard AI" Timestamp="2015/09/2 01:32:33">
        <RT>32484</RT>
        <Accuracy>1</Accuracy>
        <PlayerRating>0.415249026411528</PlayerRating>
        <ScenarioRating>1.76082865498092</ScenarioRating>
      </Gameplay>
      <Gameplay PlayerID="Noob" ScenarioID="Very Hard AI" Timestamp="2015/09/2 01:33:08">
        <RT>27685</RT>
        <Accuracy>0</Accuracy>
        <PlayerRating>0.412876930596528</PlayerRating>
        <ScenarioRating>1.77181520401881</ScenarioRating>
      </Gameplay>
      <Gameplay PlayerID="Noob" ScenarioID="Hard AI" Timestamp="2015/09/2 01:33:19">
        <RT>7773</RT>
        <Accuracy>1</Accuracy>
        <PlayerRating>0.418748492194077</PlayerRating>
        <ScenarioRating>1.31345403152136</ScenarioRating>
      </Gameplay>
      <Gameplay PlayerID="Noob" ScenarioID="Hard AI" Timestamp="2015/09/2 01:33:29">
        <RT>6760</RT>
        <Accuracy>1</Accuracy>
        <PlayerRating>0.424705391162214</PlayerRating>
        <ScenarioRating>1.27701182606923</ScenarioRating>
      </Gameplay>
      <Gameplay PlayerID="Noob" ScenarioID="Very Hard AI" Timestamp="2015/09/2 01:34:07">
        <RT>14963</RT>
        <Accuracy>1</Accuracy>
        <PlayerRating>0.431880352609066</PlayerRating>
        <ScenarioRating>1.74014640866719</ScenarioRating>
      </Gameplay>
      <Gameplay PlayerID="Noob" ScenarioID="Very Hard AI" Timestamp="2015/09/2 01:34:25">
        <RT>11561</RT>
        <Accuracy>0</Accuracy>
        <PlayerRating>0.428879563083375</PlayerRating>
        <ScenarioRating>1.75275989684298</ScenarioRating>
      </Gameplay>
      <Gameplay PlayerID="Noob" ScenarioID="Very Hard AI" Timestamp="2015/09/2 01:34:55">
        <RT>22637</RT>
        <Accuracy>1</Accuracy>
        <PlayerRating>0.436030597474958</PlayerRating>
        <ScenarioRating>1.72415575927665</ScenarioRating>
      </Gameplay>
      <Gameplay PlayerID="Noob" ScenarioID="Very Hard AI" Timestamp="2015/09/2 01:35:14">
        <RT>13966</RT>
        <Accuracy>0</Accuracy>
        <PlayerRating>0.432976249766399</PlayerRating>
        <ScenarioRating>1.73577229482396</ScenarioRating>
      </Gameplay>
      <Gameplay PlayerID="Noob" ScenarioID="Medium Color AI" Timestamp="2015/09/2 01:35:27">
        <RT>10181</RT>
        <Accuracy>1</Accuracy>
        <PlayerRating>0.438609385799955</PlayerRating>
        <ScenarioRating>1.12727834880531</ScenarioRating>
      </Gameplay>
      <Gameplay PlayerID="Noob" ScenarioID="Very Hard AI" Timestamp="2015/09/2 01:36:12">
        <RT>23345</RT>
        <Accuracy>0</Accuracy>
        <PlayerRating>0.435820743393762</PlayerRating>
        <ScenarioRating>1.74584738996892</ScenarioRating>
      </Gameplay>
      <Gameplay PlayerID="Noob" ScenarioID="Very Hard AI" Timestamp="2015/09/2 01:36:36">
        <RT>18499</RT>
        <Accuracy>0</Accuracy>
        <PlayerRating>0.432846701580087</PlayerRating>
        <ScenarioRating>1.75604410475866</ScenarioRating>
      </Gameplay>
      <Gameplay PlayerID="Noob" ScenarioID="Very Easy AI" Timestamp="2015/09/2 01:37:05">
        <RT>25281</RT>
        <Accuracy>1</Accuracy>
        <PlayerRating>0.436762291144222</PlayerRating>
        <ScenarioRating>0.49151560454955</ScenarioRating>
      </Gameplay>
      <Gameplay PlayerID="Noob" ScenarioID="Very Hard AI" Timestamp="2015/09/2 01:37:29">
        <RT>19479</RT>
        <Accuracy>0</Accuracy>
        <PlayerRating>0.433787230002824</PlayerRating>
        <ScenarioRating>1.7657130534682</ScenarioRating>
      </Gameplay>
      <Gameplay PlayerID="Noob" ScenarioID="Hard AI" Timestamp="2015/09/2 01:37:57">
        <RT>22652</RT>
        <Accuracy>0</Accuracy>
        <PlayerRating>0.430835116293071</PlayerRating>
        <ScenarioRating>1.29427033698779</ScenarioRating>
      </Gameplay>
      <Gameplay PlayerID="Noob" ScenarioID="Very Hard AI" Timestamp="2015/09/2 01:38:14">
        <RT>12350</RT>
        <Accuracy>0</Accuracy>
        <PlayerRating>0.427595239111475</PlayerRating>
        <ScenarioRating>1.77568190633465</ScenarioRating>
      </Gameplay>
      <Gameplay PlayerID="Noob" ScenarioID="Medium Shape AI" Timestamp="2015/09/2 01:39:09">
        <RT>29105</RT>
        <Accuracy>1</Accuracy>
        <PlayerRating>0.432251305429211</PlayerRating>
        <ScenarioRating>1.14284107415402</ScenarioRating>
      </Gameplay>
      <Gameplay PlayerID="Noob" ScenarioID="Very Hard AI" Timestamp="2015/09/2 01:39:28">
        <RT>14439</RT>
        <Accuracy>1</Accuracy>
        <PlayerRating>0.440428460034643</PlayerRating>
        <ScenarioRating>1.75189382020976</ScenarioRating>
      </Gameplay>
      <Gameplay PlayerID="Noob" ScenarioID="Very Hard AI" Timestamp="2015/09/2 01:39:47">
        <RT>13670</RT>
        <Accuracy>0</Accuracy>
        <PlayerRating>0.437099282289704</PlayerRating>
        <ScenarioRating>1.76103663670332</ScenarioRating>
      </Gameplay>
      <Gameplay PlayerID="Noob" ScenarioID="Hard AI" Timestamp="2015/09/2 01:40:07">
        <RT>12815</RT>
        <Accuracy>0</Accuracy>
        <PlayerRating>0.433838962138</PlayerRating>
        <ScenarioRating>1.31247891745769</ScenarioRating>
      </Gameplay>
      <Gameplay PlayerID="Noob" ScenarioID="Very Hard AI" Timestamp="2015/09/2 01:40:29">
        <RT>16884</RT>
        <Accuracy>1</Accuracy>
        <PlayerRating>0.442152344756031</PlayerRating>
        <ScenarioRating>1.73951964639783</ScenarioRating>
      </Gameplay>
      <Gameplay PlayerID="Noob" ScenarioID="Very Hard AI" Timestamp="2015/09/2 01:40:49">
        <RT>12537</RT>
        <Accuracy>1</Accuracy>
        <PlayerRating>0.450697170611458</PlayerRating>
        <ScenarioRating>1.7187148530107</ScenarioRating>
      </Gameplay>
      <Gameplay PlayerID="Noob" ScenarioID="Hard AI" Timestamp="2015/09/2 01:41:36">
        <RT>20259</RT>
        <Accuracy>0</Accuracy>
        <PlayerRating>0.447591450599007</PlayerRating>
        <ScenarioRating>1.3290427575241</ScenarioRating>
      </Gameplay>
      <Gameplay PlayerID="Noob" ScenarioID="Very Hard AI" Timestamp="2015/09/2 01:42:02">
        <RT>18956</RT>
        <Accuracy>0</Accuracy>
        <PlayerRating>0.444240808741671</PlayerRating>
        <ScenarioRating>1.72637346297032</ScenarioRating>
      </Gameplay>
      <Gameplay PlayerID="Noob" ScenarioID="Easy AI" Timestamp="2015/09/2 01:42:23">
        <RT>19211</RT>
        <Accuracy>1</Accuracy>
        <PlayerRating>0.449080045910268</PlayerRating>
        <ScenarioRating>0.835499381420843</ScenarioRating>
      </Gameplay>
      <Gameplay PlayerID="Noob" ScenarioID="Very Hard AI" Timestamp="2015/09/2 01:42:48">
        <RT>20586</RT>
        <Accuracy>1</Accuracy>
        <PlayerRating>0.457541982810836</PlayerRating>
        <ScenarioRating>1.70825776707051</ScenarioRating>
      </Gameplay>
      <Gameplay PlayerID="Noob" ScenarioID="Hard AI" Timestamp="2015/09/2 01:43:05">
        <RT>13505</RT>
        <Accuracy>1</Accuracy>
        <PlayerRating>0.463738517360846</PlayerRating>
        <ScenarioRating>1.29749676345132</ScenarioRating>
      </Gameplay>
      <Gameplay PlayerID="Noob" ScenarioID="Hard AI" Timestamp="2015/09/2 01:44:24">
        <RT>50473</RT>
        <Accuracy>0</Accuracy>
        <PlayerRating>0.461356290613805</PlayerRating>
        <ScenarioRating>1.3090675790798</ScenarioRating>
      </Gameplay>
      <Gameplay PlayerID="Noob" ScenarioID="Very Hard AI" Timestamp="2015/09/2 01:45:22">
        <RT>54114</RT>
        <Accuracy>1</Accuracy>
        <PlayerRating>0.468629021067458</PlayerRating>
        <ScenarioRating>1.6937123061632</ScenarioRating>
      </Gameplay>
      <Gameplay PlayerID="Noob" ScenarioID="Hard AI" Timestamp="2015/09/2 01:45:41">
        <RT>13638</RT>
        <Accuracy>1</Accuracy>
        <PlayerRating>0.4749988597122</PlayerRating>
        <ScenarioRating>1.27956516851468</ScenarioRating>
      </Gameplay>
      <Gameplay PlayerID="Noob" ScenarioID="Very Hard AI" Timestamp="2015/09/2 01:45:58">
        <RT>11607</RT>
        <Accuracy>0</Accuracy>
        <PlayerRating>0.471135231122483</PlayerRating>
        <ScenarioRating>1.70091029915226</ScenarioRating>
      </Gameplay>
      <Gameplay PlayerID="Noob" ScenarioID="Medium Shape AI" Timestamp="2015/09/2 01:46:25">
        <RT>24474</RT>
        <Accuracy>0</Accuracy>
        <PlayerRating>0.4682861971098</PlayerRating>
        <ScenarioRating>1.16369357841706</ScenarioRating>
      </Gameplay>
      <Gameplay PlayerID="Noob" ScenarioID="Very Hard AI" Timestamp="2015/09/2 01:46:35">
        <RT>6775</RT>
        <Accuracy>1</Accuracy>
        <PlayerRating>0.477560572126309</PlayerRating>
        <ScenarioRating>1.68486813696154</ScenarioRating>
      </Gameplay>
      <Gameplay PlayerID="TotalNoob" ScenarioID="Easy AI" Timestamp="2015/09/2 01:50:48">
        <RT>3937</RT>
        <Accuracy>0</Accuracy>
        <PlayerRating>-0.0247567076180137</PlayerRating>
        <ScenarioRating>0.853649851696044</ScenarioRating>
      </Gameplay>
      <Gameplay PlayerID="TotalNoob" ScenarioID="Medium Shape AI" Timestamp="2015/09/2 01:51:02">
        <RT>8145</RT>
        <Accuracy>0</Accuracy>
        <PlayerRating>-0.0447199787522393</PlayerRating>
        <ScenarioRating>1.1801632771028</ScenarioRating>
      </Gameplay>
      <Gameplay PlayerID="TotalNoob" ScenarioID="Easy AI" Timestamp="2015/09/2 01:51:15">
        <RT>11872</RT>
        <Accuracy>0</Accuracy>
        <PlayerRating>-0.0663988416660096</PlayerRating>
        <ScenarioRating>0.86984810319903</ScenarioRating>
      </Gameplay>
      <Gameplay PlayerID="TotalNoob" ScenarioID="Very Easy AI" Timestamp="2015/09/2 01:51:24">
        <RT>6041</RT>
        <Accuracy>0</Accuracy>
        <PlayerRating>-0.0916897945907616</PlayerRating>
        <ScenarioRating>0.513498147934727</ScenarioRating>
      </Gameplay>
      <Gameplay PlayerID="TotalNoob" ScenarioID="Medium Color AI" Timestamp="2015/09/2 01:51:35">
        <RT>4339</RT>
        <Accuracy>0</Accuracy>
        <PlayerRating>-0.110969760028026</PlayerRating>
        <ScenarioRating>1.14247549803233</ScenarioRating>
      </Gameplay>
      <Gameplay PlayerID="TotalNoob" ScenarioID="Very Easy AI" Timestamp="2015/09/2 01:51:44">
        <RT>5281</RT>
        <Accuracy>1</Accuracy>
        <PlayerRating>-0.0747715653858571</PlayerRating>
        <ScenarioRating>0.481260849970729</ScenarioRating>
      </Gameplay>
      <Gameplay PlayerID="TotalNoob" ScenarioID="Very Hard AI" Timestamp="2015/09/2 01:52:08">
        <RT>21903</RT>
        <Accuracy>0</Accuracy>
        <PlayerRating>-0.087314474670443</PlayerRating>
        <ScenarioRating>1.68797675424821</ScenarioRating>
      </Gameplay>
      <Gameplay PlayerID="TotalNoob" ScenarioID="Very Hard AI" Timestamp="2015/09/2 01:52:17">
        <RT>4334</RT>
        <Accuracy>0</Accuracy>
        <PlayerRating>-0.102617574527173</PlayerRating>
        <ScenarioRating>1.69153247450904</ScenarioRating>
      </Gameplay>
      <Gameplay PlayerID="TotalNoob" ScenarioID="Very Easy AI" Timestamp="2015/09/2 01:52:27">
        <RT>6364</RT>
        <Accuracy>0</Accuracy>
        <PlayerRating>-0.124830386186118</PlayerRating>
        <ScenarioRating>0.502167025649736</ScenarioRating>
      </Gameplay>
      <Gameplay PlayerID="TotalNoob" ScenarioID="Very Easy AI" Timestamp="2015/09/2 01:56:46">
        <RT>3901</RT>
        <Accuracy>0</Accuracy>
        <PlayerRating>-0.146543640309517</PlayerRating>
        <ScenarioRating>0.522573127350991</ScenarioRating>
      </Gameplay>
      <Gameplay PlayerID="TotalNoob" ScenarioID="Very Easy AI" Timestamp="2015/09/2 01:57:04">
        <RT>15267</RT>
        <Accuracy>1</Accuracy>
        <PlayerRating>-0.115559609711294</PlayerRating>
        <ScenarioRating>0.493499071241699</ScenarioRating>
      </Gameplay>
      <Gameplay PlayerID="TotalNoob" ScenarioID="Easy AI" Timestamp="2015/09/2 01:57:18">
        <RT>11348</RT>
        <Accuracy>0</Accuracy>
        <PlayerRating>-0.132337844177583</PlayerRating>
        <ScenarioRating>0.885566659699027</ScenarioRating>
      </Gameplay>
      <Gameplay PlayerID="TotalNoob" ScenarioID="Very Easy AI" Timestamp="2015/09/2 01:57:29">
        <RT>8002</RT>
        <Accuracy>1</Accuracy>
        <PlayerRating>-0.102242527005088</PlayerRating>
        <ScenarioRating>0.464381580258924</ScenarioRating>
      </Gameplay>
      <Gameplay PlayerID="TotalNoob" ScenarioID="Easy AI" Timestamp="2015/09/2 01:57:41">
        <RT>4604</RT>
        <Accuracy>0</Accuracy>
        <PlayerRating>-0.11906921794931</PlayerRating>
        <ScenarioRating>0.901832460945109</ScenarioRating>
      </Gameplay>
      <Gameplay PlayerID="TotalNoob" ScenarioID="Hard AI" Timestamp="2015/09/2 01:57:50">
        <RT>4320</RT>
        <Accuracy>0</Accuracy>
        <PlayerRating>-0.133061930218583</PlayerRating>
        <ScenarioRating>1.29166413025127</ScenarioRating>
      </Gameplay>
      <Gameplay PlayerID="TotalNoob" ScenarioID="Very Easy AI" Timestamp="2015/09/2 01:57:57">
        <RT>3840</RT>
        <Accuracy>0</Accuracy>
        <PlayerRating>-0.151733363618767</PlayerRating>
        <ScenarioRating>0.483714599881949</ScenarioRating>
      </Gameplay>
      <Gameplay PlayerID="TotalNoob" ScenarioID="Easy AI" Timestamp="2015/09/2 01:58:02">
        <RT>4799</RT>
        <Accuracy>0</Accuracy>
        <PlayerRating>-0.166684547720897</PlayerRating>
        <ScenarioRating>0.917328425034766</ScenarioRating>
      </Gameplay>
      <Gameplay PlayerID="TotalNoob" ScenarioID="Hard AI" Timestamp="2015/09/2 01:58:17">
        <RT>11800</RT>
        <Accuracy>1</Accuracy>
        <PlayerRating>-0.135630221925168</PlayerRating>
        <ScenarioRating>1.26291012488485</ScenarioRating>
      </Gameplay>
      <Gameplay PlayerID="TotalNoob" ScenarioID="Medium Shape AI" Timestamp="2015/09/2 01:58:37">
        <RT>17768</RT>
        <Accuracy>0</Accuracy>
        <PlayerRating>-0.14630782270837</PlayerRating>
        <ScenarioRating>1.19468481416795</ScenarioRating>
      </Gameplay>
      <Gameplay PlayerID="TotalNoob" ScenarioID="Very Hard AI" Timestamp="2015/09/2 01:59:02">
        <RT>4165</RT>
        <Accuracy>0</Accuracy>
        <PlayerRating>-0.157080095687533</PlayerRating>
        <ScenarioRating>1.69518185678361</ScenarioRating>
      </Gameplay>
      <Gameplay PlayerID="TotalNoob" ScenarioID="Easy AI" Timestamp="2015/09/2 01:59:12">
        <RT>8442</RT>
        <Accuracy>0</Accuracy>
        <PlayerRating>-0.169631210033609</PlayerRating>
        <ScenarioRating>0.931971391771854</ScenarioRating>
      </Gameplay>
      <Gameplay PlayerID="TotalNoob" ScenarioID="Easy AI" Timestamp="2015/09/2 01:59:25">
        <RT>8319</RT>
        <Accuracy>0</Accuracy>
        <PlayerRating>-0.181646636110816</PlayerRating>
        <ScenarioRating>0.946056460618341</ScenarioRating>
      </Gameplay>
      <Gameplay PlayerID="TotalNoob" ScenarioID="Medium Color AI" Timestamp="2015/09/2 01:59:35">
        <RT>5151</RT>
        <Accuracy>0</Accuracy>
        <PlayerRating>-0.192252659011584</PlayerRating>
        <ScenarioRating>1.15744237298874</ScenarioRating>
      </Gameplay>
      <Gameplay PlayerID="TotalNoob" ScenarioID="Easy AI" Timestamp="2015/09/2 01:59:41">
        <RT>5155</RT>
        <Accuracy>1</Accuracy>
        <PlayerRating>-0.168216024074618</PlayerRating>
        <ScenarioRating>0.91644431757744</ScenarioRating>
      </Gameplay>
      <Gameplay PlayerID="TotalNoob" ScenarioID="Medium Shape AI" Timestamp="2015/09/2 01:59:55">
        <RT>10847</RT>
        <Accuracy>1</Accuracy>
        <PlayerRating>-0.145751691592398</PlayerRating>
        <ScenarioRating>1.15631876318708</ScenarioRating>
      </Gameplay>
      <Gameplay PlayerID="TotalNoob" ScenarioID="Hard AI" Timestamp="2015/09/2 02:00:04">
        <RT>4112</RT>
        <Accuracy>0</Accuracy>
        <PlayerRating>-0.155200338393044</PlayerRating>
        <ScenarioRating>1.27472093338566</ScenarioRating>
      </Gameplay>
      <Gameplay PlayerID="TotalNoob" ScenarioID="Very Hard AI" Timestamp="2015/09/2 02:00:13">
        <RT>4180</RT>
        <Accuracy>0</Accuracy>
        <PlayerRating>-0.163510686207832</PlayerRating>
        <ScenarioRating>1.69876842794578</ScenarioRating>
      </Gameplay>
      <Gameplay PlayerID="TotalNoob" ScenarioID="Hard AI" Timestamp="2015/09/2 02:00:37">
        <RT>3435</RT>
        <Accuracy>0</Accuracy>
        <PlayerRating>-0.172124023666828</PlayerRating>
        <ScenarioRating>1.28615318128578</ScenarioRating>
      </Gameplay>
      <Gameplay PlayerID="TotalNoob" ScenarioID="Easy AI" Timestamp="2015/09/2 02:00:48">
        <RT>6096</RT>
        <Accuracy>0</Accuracy>
        <PlayerRating>-0.181264902846299</PlayerRating>
        <ScenarioRating>0.93036204329586</ScenarioRating>
      </Gameplay>
      <Gameplay PlayerID="TotalNoob" ScenarioID="Very Easy AI" Timestamp="2015/09/2 02:01:16">
        <RT>25427</RT>
        <Accuracy>1</Accuracy>
        <PlayerRating>-0.166864877427276</PlayerRating>
        <ScenarioRating>0.456626440177633</ScenarioRating>
      </Gameplay>
      <Gameplay PlayerID="TotalNoob" ScenarioID="Hard AI" Timestamp="2015/09/2 02:01:41">
        <RT>18851</RT>
        <Accuracy>0</Accuracy>
        <PlayerRating>-0.173092227346071</PlayerRating>
        <ScenarioRating>1.29553806074086</ScenarioRating>
      </Gameplay>
      <Gameplay PlayerID="TotalNoob" ScenarioID="Easy AI" Timestamp="2015/09/2 02:01:52">
        <RT>6002</RT>
        <Accuracy>0</Accuracy>
        <PlayerRating>-0.180834124372519</PlayerRating>
        <ScenarioRating>0.943910363092145</ScenarioRating>
      </Gameplay>
      <Gameplay PlayerID="TotalNoob" ScenarioID="Hard AI" Timestamp="2015/09/2 02:02:06">
        <RT>8871</RT>
        <Accuracy>0</Accuracy>
        <PlayerRating>-0.187000503937919</PlayerRating>
        <ScenarioRating>1.30563732806057</ScenarioRating>
      </Gameplay>
      <Gameplay PlayerID="TotalNoob" ScenarioID="Very Easy AI" Timestamp="2015/09/2 02:02:28">
        <RT>3924</RT>
        <Accuracy>1</Accuracy>
        <PlayerRating>-0.174536565508604</PlayerRating>
        <ScenarioRating>0.427135871572558</ScenarioRating>
      </Gameplay>
      <Gameplay PlayerID="TotalNoob" ScenarioID="Medium Shape AI" Timestamp="2015/09/2 02:02:39">
        <RT>3820</RT>
        <Accuracy>0</Accuracy>
        <PlayerRating>-0.179919994337429</PlayerRating>
        <ScenarioRating>1.17295845229436</ScenarioRating>
      </Gameplay>
      <Gameplay PlayerID="TotalNoob" ScenarioID="Hard AI" Timestamp="2015/09/2 02:02:48">
        <RT>4003</RT>
        <Accuracy>0</Accuracy>
        <PlayerRating>-0.185213082125888</PlayerRating>
        <ScenarioRating>1.31596902826304</ScenarioRating>
      </Gameplay>
      <Gameplay PlayerID="TotalNoob" ScenarioID="Easy AI" Timestamp="2015/09/2 02:02:59">
        <RT>6079</RT>
        <Accuracy>0</Accuracy>
        <PlayerRating>-0.190604736254291</PlayerRating>
        <ScenarioRating>0.957128611923068</ScenarioRating>
      </Gameplay>
      <Gameplay PlayerID="TotalNoob" ScenarioID="Very Hard AI" Timestamp="2015/09/2 02:03:11">
        <RT>4638</RT>
        <Accuracy>0</Accuracy>
        <PlayerRating>-0.195015112273222</PlayerRating>
        <ScenarioRating>1.70240805864101</ScenarioRating>
      </Gameplay>
      <Gameplay PlayerID="TotalNoob" ScenarioID="Easy AI" Timestamp="2015/09/2 02:03:19">
        <RT>5860</RT>
        <Accuracy>0</Accuracy>
        <PlayerRating>-0.199501984686868</PlayerRating>
        <ScenarioRating>0.969898941100367</ScenarioRating>
      </Gameplay>
      <Gameplay PlayerID="TotalNoob" ScenarioID="Easy AI" Timestamp="2015/09/2 02:03:33">
        <RT>12272</RT>
        <Accuracy>0</Accuracy>
        <PlayerRating>-0.203319254553937</PlayerRating>
        <ScenarioRating>0.981458279430224</ScenarioRating>
      </Gameplay>
      <Gameplay PlayerID="TotalNoob" ScenarioID="Medium Color AI" Timestamp="2015/09/2 02:04:02">
        <RT>6684</RT>
        <Accuracy>0</Accuracy>
        <PlayerRating>-0.20613875575267</PlayerRating>
        <ScenarioRating>1.17247971271532</ScenarioRating>
      </Gameplay>
      <Gameplay PlayerID="TotalNoob" ScenarioID="Very Easy AI" Timestamp="2015/09/2 02:04:12">
        <RT>6790</RT>
        <Accuracy>0</Accuracy>
        <PlayerRating>-0.210181958230497</PlayerRating>
        <ScenarioRating>0.445862283048811</ScenarioRating>
      </Gameplay>
      <Gameplay PlayerID="TotalNoob" ScenarioID="Hard AI" Timestamp="2015/09/2 02:04:24">
        <RT>7469</RT>
        <Accuracy>0</Accuracy>
        <PlayerRating>-0.213317570940386</PlayerRating>
        <ScenarioRating>1.32561706737039</ScenarioRating>
      </Gameplay>
      <Gameplay PlayerID="TotalNoob" ScenarioID="Easy AI" Timestamp="2015/09/2 02:04:30">
        <RT>3444</RT>
        <Accuracy>1</Accuracy>
        <PlayerRating>-0.205243164544626</PlayerRating>
        <ScenarioRating>0.955216458644004</ScenarioRating>
      </Gameplay>
      <Gameplay PlayerID="TotalNoob" ScenarioID="Very Easy AI" Timestamp="2015/09/2 02:04:41">
        <RT>8198</RT>
        <Accuracy>0</Accuracy>
        <PlayerRating>-0.209284949550121</PlayerRating>
        <ScenarioRating>0.463701885831687</ScenarioRating>
      </Gameplay>
      <Gameplay PlayerID="TotalNoob" ScenarioID="Very Easy AI" Timestamp="2015/09/2 02:04:51">
        <RT>6368</RT>
        <Accuracy>1</Accuracy>
        <PlayerRating>-0.202744482757721</PlayerRating>
        <ScenarioRating>0.436209754229733</ScenarioRating>
      </Gameplay>
      <Gameplay PlayerID="TotalNoob" ScenarioID="Very Hard AI" Timestamp="2015/09/2 02:05:02">
        <RT>4778</RT>
        <Accuracy>0</Accuracy>
        <PlayerRating>-0.206142450580511</PlayerRating>
        <ScenarioRating>1.7058060264638</ScenarioRating>
      </Gameplay>
      <Gameplay PlayerID="TotalNoob" ScenarioID="Easy AI" Timestamp="2015/09/2 02:05:12">
        <RT>8604</RT>
        <Accuracy>0</Accuracy>
        <PlayerRating>-0.209774011730817</PlayerRating>
        <ScenarioRating>0.966390492952636</ScenarioRating>
      </Gameplay>
      <Gameplay PlayerID="TotalNoob" ScenarioID="Very Hard AI" Timestamp="2015/09/2 02:05:19">
        <RT>3534</RT>
        <Accuracy>1</Accuracy>
        <PlayerRating>-0.198504048670783</PlayerRating>
        <ScenarioRating>1.69453606340377</ScenarioRating>
      </Gameplay>
      <Gameplay PlayerID="TotalNoob" ScenarioID="Very Easy AI" Timestamp="2015/09/2 02:05:31">
        <RT>10585</RT>
        <Accuracy>1</Accuracy>
        <PlayerRating>-0.192050525402694</PlayerRating>
        <ScenarioRating>0.410395661157378</ScenarioRating>
      </Gameplay>
      <Gameplay PlayerID="TotalNoob" ScenarioID="Easy AI" Timestamp="2015/09/2 02:05:48">
        <RT>4852</RT>
        <Accuracy>1</Accuracy>
        <PlayerRating>-0.18383019597269</PlayerRating>
        <ScenarioRating>0.942476807338078</ScenarioRating>
      </Gameplay>
      <Gameplay PlayerID="TotalNoob" ScenarioID="Easy AI" Timestamp="2015/09/2 02:06:03">
        <RT>11987</RT>
        <Accuracy>1</Accuracy>
        <PlayerRating>-0.175787087664648</PlayerRating>
        <ScenarioRating>0.920388271089126</ScenarioRating>
      </Gameplay>
      <Gameplay PlayerID="TotalNoob" ScenarioID="Easy AI" Timestamp="2015/09/2 02:06:12">
        <RT>5361</RT>
        <Accuracy>1</Accuracy>
        <PlayerRating>-0.167440116390894</PlayerRating>
        <ScenarioRating>0.89878434543941</ScenarioRating>
      </Gameplay>
      <Gameplay PlayerID="TotalNoob" ScenarioID="Very Easy AI" Timestamp="2015/09/2 02:06:23">
        <RT>7833</RT>
        <Accuracy>1</Accuracy>
        <PlayerRating>-0.160892492323263</PlayerRating>
        <ScenarioRating>0.385493222080485</ScenarioRating>
      </Gameplay>
      <Gameplay PlayerID="TotalNoob" ScenarioID="Easy AI" Timestamp="2015/09/2 02:06:33">
        <RT>5087</RT>
        <Accuracy>0</Accuracy>
        <PlayerRating>-0.165048103995274</PlayerRating>
        <ScenarioRating>0.908902356466914</ScenarioRating>
      </Gameplay>
      <Gameplay PlayerID="TotalNoob" ScenarioID="Very Easy AI" Timestamp="2015/09/2 02:06:41">
        <RT>5135</RT>
        <Accuracy>1</Accuracy>
        <PlayerRating>-0.158355697629719</PlayerRating>
        <ScenarioRating>0.361314205533964</ScenarioRating>
      </Gameplay>
      <Gameplay PlayerID="TotalNoob" ScenarioID="Very Easy AI" Timestamp="2015/09/2 02:06:48">
        <RT>3785</RT>
        <Accuracy>0</Accuracy>
        <PlayerRating>-0.163132610577961</PlayerRating>
        <ScenarioRating>0.37769219278508</ScenarioRating>
      </Gameplay>
      <Gameplay PlayerID="TotalNoob" ScenarioID="Easy AI" Timestamp="2015/09/2 02:06:55">
        <RT>4648</RT>
        <Accuracy>0</Accuracy>
        <PlayerRating>-0.167342608360245</PlayerRating>
        <ScenarioRating>0.918525208540706</ScenarioRating>
      </Gameplay>
      <Gameplay PlayerID="TotalNoob" ScenarioID="Easy AI" Timestamp="2015/09/2 02:07:03">
        <RT>6885</RT>
        <Accuracy>1</Accuracy>
        <PlayerRating>-0.158702050277894</PlayerRating>
        <ScenarioRating>0.900027112364405</ScenarioRating>
      </Gameplay>
      <Gameplay PlayerID="TotalNoob" ScenarioID="Hard AI" Timestamp="2015/09/2 02:07:30">
        <RT>3894</RT>
        <Accuracy>0</Accuracy>
        <PlayerRating>-0.162066599484343</PlayerRating>
        <ScenarioRating>1.33540484688006</ScenarioRating>
      </Gameplay>
      <Gameplay PlayerID="TotalNoob" ScenarioID="Very Hard AI" Timestamp="2015/09/2 02:07:43">
        <RT>7962</RT>
        <Accuracy>0</Accuracy>
        <PlayerRating>-0.165399345054172</PlayerRating>
        <ScenarioRating>1.6978688089736</ScenarioRating>
      </Gameplay>
      <Gameplay PlayerID="TotalNoob" ScenarioID="Easy AI" Timestamp="2015/09/2 02:07:54">
        <RT>5784</RT>
        <Accuracy>0</Accuracy>
        <PlayerRating>-0.169699031099083</PlayerRating>
        <ScenarioRating>0.908626484454227</ScenarioRating>
      </Gameplay>
      <Gameplay PlayerID="TotalNoob" ScenarioID="Hard AI" Timestamp="2015/09/2 02:08:06">
        <RT>4651</RT>
        <Accuracy>0</Accuracy>
        <PlayerRating>-0.173058840926451</PlayerRating>
        <ScenarioRating>1.34463178730149</ScenarioRating>
      </Gameplay>
      <Gameplay PlayerID="TotalNoob" ScenarioID="Very Easy AI" Timestamp="2015/09/2 02:08:13">
        <RT>4200</RT>
        <Accuracy>1</Accuracy>
        <PlayerRating>-0.166118988662803</PlayerRating>
        <ScenarioRating>0.355137672928225</ScenarioRating>
      </Gameplay>
      <Gameplay PlayerID="TotalNoob" ScenarioID="Very Easy AI" Timestamp="2015/09/2 02:08:22">
        <RT>6290</RT>
        <Accuracy>1</Accuracy>
        <PlayerRating>-0.159198074650543</PlayerRating>
        <ScenarioRating>0.333842552890503</ScenarioRating>
      </Gameplay>
      <Gameplay PlayerID="TotalNoob" ScenarioID="Easy AI" Timestamp="2015/09/2 02:08:31">
        <RT>8723</RT>
        <Accuracy>0</Accuracy>
        <PlayerRating>-0.16344131582244</PlayerRating>
        <ScenarioRating>0.916531700884062</ScenarioRating>
      </Gameplay>
      <Gameplay PlayerID="TotalNoob" ScenarioID="Very Easy AI" Timestamp="2015/09/2 02:08:40">
        <RT>5639</RT>
        <Accuracy>0</Accuracy>
        <PlayerRating>-0.168425847512758</PlayerRating>
        <ScenarioRating>0.348343008716883</ScenarioRating>
      </Gameplay>
      <Gameplay PlayerID="TotalNoob" ScenarioID="Easy AI" Timestamp="2015/09/2 02:08:46">
        <RT>4954</RT>
        <Accuracy>0</Accuracy>
        <PlayerRating>-0.172840589138268</PlayerRating>
        <ScenarioRating>0.924168010722782</ScenarioRating>
      </Gameplay>
      <Gameplay PlayerID="TotalNoob" ScenarioID="Easy AI" Timestamp="2015/09/2 02:11:42">
        <RT>4327</RT>
        <Accuracy>0</Accuracy>
        <PlayerRating>-0.177316873484765</PlayerRating>
        <ScenarioRating>0.931330065677176</ScenarioRating>
      </Gameplay>
      <Gameplay PlayerID="TotalNoob" ScenarioID="Easy AI" Timestamp="2015/09/2 02:11:51">
        <RT>4208</RT>
        <Accuracy>0</Accuracy>
        <PlayerRating>-0.181835527255883</PlayerRating>
        <ScenarioRating>0.937989134392508</ScenarioRating>
      </Gameplay>
      <Gameplay PlayerID="TotalNoob" ScenarioID="Easy AI" Timestamp="2015/09/2 02:12:03">
        <RT>5151</RT>
        <Accuracy>0</Accuracy>
        <PlayerRating>-0.186354481570356</PlayerRating>
        <ScenarioRating>0.944092657102965</ScenarioRating>
      </Gameplay>
      <Gameplay PlayerID="TotalNoob" ScenarioID="Very Easy AI" Timestamp="2015/09/2 02:12:11">
        <RT>4459</RT>
        <Accuracy>0</Accuracy>
        <PlayerRating>-0.191381381523223</PlayerRating>
        <ScenarioRating>0.36214822649789</ScenarioRating>
      </Gameplay>
      <Gameplay PlayerID="TotalNoob" ScenarioID="Easy AI" Timestamp="2015/09/2 02:12:18">
        <RT>4766</RT>
        <Accuracy>1</Accuracy>
        <PlayerRating>-0.181706798236347</PlayerRating>
        <ScenarioRating>0.932185477672964</ScenarioRating>
      </Gameplay>
      <Gameplay PlayerID="TotalNoob" ScenarioID="Very Easy AI" Timestamp="2015/09/2 02:12:25">
        <RT>4142</RT>
        <Accuracy>1</Accuracy>
        <PlayerRating>-0.174344967210993</PlayerRating>
        <ScenarioRating>0.343094075608739</ScenarioRating>
      </Gameplay>
      <Gameplay PlayerID="TotalNoob" ScenarioID="Very Hard AI" Timestamp="2015/09/2 02:12:35">
        <RT>4833</RT>
        <Accuracy>0</Accuracy>
        <PlayerRating>-0.177786215106763</PlayerRating>
        <ScenarioRating>1.70131005686937</ScenarioRating>
      </Gameplay>
      <Gameplay PlayerID="TotalNoob" ScenarioID="Easy AI" Timestamp="2015/09/2 02:12:58">
        <RT>7930</RT>
        <Accuracy>1</Accuracy>
        <PlayerRating>-0.168167565449806</PlayerRating>
        <ScenarioRating>0.921471032485467</ScenarioRating>
      </Gameplay>
      <Gameplay PlayerID="TotalNoob" ScenarioID="Very Easy AI" Timestamp="2015/09/2 02:13:07">
        <RT>7270</RT>
        <Accuracy>1</Accuracy>
        <PlayerRating>-0.160876417560026</PlayerRating>
        <ScenarioRating>0.325341715529276</ScenarioRating>
      </Gameplay>
      <Gameplay PlayerID="TotalNoob" ScenarioID="Very Easy AI" Timestamp="2015/09/2 02:13:21">
        <RT>10998</RT>
        <Accuracy>1</Accuracy>
        <PlayerRating>-0.153667678382286</PlayerRating>
        <ScenarioRating>0.308864597408728</ScenarioRating>
      </Gameplay>
      <Gameplay PlayerID="TotalNoob" ScenarioID="Very Easy AI" Timestamp="2015/09/2 02:13:27">
        <RT>3843</RT>
        <Accuracy>1</Accuracy>
        <PlayerRating>-0.146141640559451</PlayerRating>
        <ScenarioRating>0.292752516435897</ScenarioRating>
      </Gameplay>
      <Gameplay PlayerID="TotalNoob" ScenarioID="Easy AI" Timestamp="2015/09/2 02:13:35">
        <RT>5444</RT>
        <Accuracy>0</Accuracy>
        <PlayerRating>-0.150928820628356</PlayerRating>
        <ScenarioRating>0.926258212554372</ScenarioRating>
      </Gameplay>
      <Gameplay PlayerID="TotalNoob" ScenarioID="Very Easy AI" Timestamp="2015/09/2 02:13:46">
        <RT>8359</RT>
        <Accuracy>0</Accuracy>
        <PlayerRating>-0.156379935253024</PlayerRating>
        <ScenarioRating>0.303654745685233</ScenarioRating>
      </Gameplay>
      <Gameplay PlayerID="TotalNoob" ScenarioID="Easy AI" Timestamp="2015/09/2 02:13:54">
        <RT>4863</RT>
        <Accuracy>0</Accuracy>
        <PlayerRating>-0.161161074638677</PlayerRating>
        <ScenarioRating>0.931039351940025</ScenarioRating>
      </Gameplay>
      <Gameplay PlayerID="TotalNoob" ScenarioID="Hard AI" Timestamp="2015/09/2 02:14:06">
        <RT>4585</RT>
        <Accuracy>0</Accuracy>
        <PlayerRating>-0.164572387555195</PlayerRating>
        <ScenarioRating>1.3534610677913</ScenarioRating>
      </Gameplay>
      <Gameplay PlayerID="TotalNoob" ScenarioID="Very Easy AI" Timestamp="2015/09/2 02:14:13">
        <RT>4571</RT>
        <Accuracy>0</Accuracy>
        <PlayerRating>-0.170189493943312</PlayerRating>
        <ScenarioRating>0.314119491832958</ScenarioRating>
      </Gameplay>
      <Gameplay PlayerID="TotalNoob" ScenarioID="Easy AI" Timestamp="2015/09/2 02:14:18">
        <RT>3816</RT>
        <Accuracy>1</Accuracy>
        <PlayerRating>-0.160295070037174</PlayerRating>
        <ScenarioRating>0.921144928033887</ScenarioRating>
      </Gameplay>
      <Gameplay PlayerID="TotalNoob" ScenarioID="Very Hard AI" Timestamp="2015/09/2 02:15:19">
        <RT>3895</RT>
        <Accuracy>0</Accuracy>
        <PlayerRating>-0.163790245710034</PlayerRating>
        <ScenarioRating>1.70480523254223</ScenarioRating>
      </Gameplay>
      <Gameplay PlayerID="TotalNoob" ScenarioID="Very Hard AI" Timestamp="2015/09/2 02:15:31">
        <RT>4911</RT>
        <Accuracy>0</Accuracy>
        <PlayerRating>-0.167233297424014</PlayerRating>
        <ScenarioRating>1.70824828425621</ScenarioRating>
      </Gameplay>
      <Gameplay PlayerID="TotalNoob" ScenarioID="Easy AI" Timestamp="2015/09/2 02:15:38">
        <RT>4603</RT>
        <Accuracy>0</Accuracy>
        <PlayerRating>-0.172013759687348</PlayerRating>
        <ScenarioRating>0.925925390297221</ScenarioRating>
      </Gameplay>
      <Gameplay PlayerID="TotalNoob" ScenarioID="Easy AI" Timestamp="2015/09/2 02:15:46">
        <RT>5299</RT>
        <Accuracy>0</Accuracy>
        <PlayerRating>-0.176746105484468</PlayerRating>
        <ScenarioRating>0.930657736094341</ScenarioRating>
      </Gameplay>
      <Gameplay PlayerID="TotalNoob" ScenarioID="Medium Color AI" Timestamp="2015/09/2 02:15:58">
        <RT>4216</RT>
        <Accuracy>0</Accuracy>
        <PlayerRating>-0.179702746420243</PlayerRating>
        <ScenarioRating>1.18753170293381</ScenarioRating>
      </Gameplay>
      <Gameplay PlayerID="TotalNoob" ScenarioID="Easy AI" Timestamp="2015/09/2 02:16:05">
        <RT>4434</RT>
        <Accuracy>0</Accuracy>
        <PlayerRating>-0.184446402743559</PlayerRating>
        <ScenarioRating>0.935401392417657</ScenarioRating>
      </Gameplay>
      <Gameplay PlayerID="TotalNoob" ScenarioID="Very Easy AI" Timestamp="2015/09/2 02:43:15">
        <RT>11512</RT>
        <Accuracy>0</Accuracy>
        <PlayerRating>-0.189805941615878</PlayerRating>
        <ScenarioRating>0.323390045558051</ScenarioRating>
      </Gameplay>
      <Gameplay PlayerID="TotalNoob" ScenarioID="Hard AI" Timestamp="2015/09/2 02:43:28">
        <RT>8662</RT>
        <Accuracy>0</Accuracy>
        <PlayerRating>-0.193067257403425</PlayerRating>
        <ScenarioRating>1.36140166275228</ScenarioRating>
      </Gameplay>
      <Gameplay PlayerID="TotalNoob" ScenarioID="Hard AI" Timestamp="2015/09/2 02:43:40">
        <RT>6300</RT>
        <Accuracy>0</Accuracy>
        <PlayerRating>-0.196445872175257</PlayerRating>
        <ScenarioRating>1.36912421080218</ScenarioRating>
      </Gameplay>
      <Gameplay PlayerID="TotalNoob" ScenarioID="Easy AI" Timestamp="2015/09/2 02:43:49">
        <RT>6106</RT>
        <Accuracy>0</Accuracy>
        <PlayerRating>-0.201077361238844</PlayerRating>
        <ScenarioRating>0.940032881481244</ScenarioRating>
      </Gameplay>
      <Gameplay PlayerID="TotalNoob" ScenarioID="Very Easy AI" Timestamp="2015/09/2 02:43:57">
        <RT>5094</RT>
        <Accuracy>1</Accuracy>
        <PlayerRating>-0.19303784155076</PlayerRating>
        <ScenarioRating>0.310526814057117</ScenarioRating>
      </Gameplay>
      <Gameplay PlayerID="TotalNoob" ScenarioID="Medium Color AI" Timestamp="2015/09/2 02:44:06">
        <RT>4606</RT>
        <Accuracy>0</Accuracy>
        <PlayerRating>-0.195997673458118</PlayerRating>
        <ScenarioRating>1.20190802934098</ScenarioRating>
      </Gameplay>
      <Gameplay PlayerID="TotalNoob" ScenarioID="Easy AI" Timestamp="2015/09/2 02:44:17">
        <RT>7884</RT>
        <Accuracy>0</Accuracy>
        <PlayerRating>-0.20054684610709</PlayerRating>
        <ScenarioRating>0.944582054130216</ScenarioRating>
      </Gameplay>
      <Gameplay PlayerID="TotalNoob" ScenarioID="Hard AI" Timestamp="2015/09/2 02:44:27">
        <RT>7084</RT>
        <Accuracy>1</Accuracy>
        <PlayerRating>-0.191134160188659</PlayerRating>
        <ScenarioRating>1.34897310855427</ScenarioRating>
      </Gameplay>
      <Gameplay PlayerID="TotalNoob" ScenarioID="Medium Shape AI" Timestamp="2015/09/2 02:44:34">
        <RT>3947</RT>
        <Accuracy>1</Accuracy>
        <PlayerRating>-0.184383286627812</PlayerRating>
        <ScenarioRating>1.13349180686172</ScenarioRating>
      </Gameplay>
      <Gameplay PlayerID="TotalNoob" ScenarioID="Very Easy AI" Timestamp="2015/09/2 02:44:40">
        <RT>4454</RT>
        <Accuracy>1</Accuracy>
        <PlayerRating>-0.176277935651851</PlayerRating>
        <ScenarioRating>0.298582086303069</ScenarioRating>
      </Gameplay>
      <Gameplay PlayerID="TotalNoob" ScenarioID="Very Easy AI" Timestamp="2015/09/2 02:44:47">
        <RT>5144</RT>
        <Accuracy>1</Accuracy>
        <PlayerRating>-0.16813966576781</PlayerRating>
        <ScenarioRating>0.28759013736878</ScenarioRating>
      </Gameplay>
    </Game>
    <Game GameID="Stickers">
      <Gameplay PlayerID="Noob" ScenarioID="Ogre" Timestamp="2015/08/25 12:29:43">
        <RT>41179</RT>
        <Accuracy>1</Accuracy>
        <PlayerRating>0.0400716799439751</PlayerRating>
        <ScenarioRating>0.759928320056025</ScenarioRating>
      </Gameplay>
      <Gameplay PlayerID="Noob" ScenarioID="Pirate" Timestamp="2015/08/25 12:30:21">
        <RT>35034</RT>
        <Accuracy>1</Accuracy>
        <PlayerRating>0.0811074869034686</PlayerRating>
        <ScenarioRating>0.95791498206711</ScenarioRating>
      </Gameplay>
      <Gameplay PlayerID="Noob" ScenarioID="Pirate" Timestamp="2015/08/25 01:29:31">
        <RT>47632</RT>
        <Accuracy>1</Accuracy>
        <PlayerRating>0.11988510199319</PlayerRating>
        <ScenarioRating>0.918125777018527</ScenarioRating>
      </Gameplay>
      <Gameplay PlayerID="Noob" ScenarioID="Troll" Timestamp="2015/08/25 01:30:14">
        <RT>30802</RT>
        <Accuracy>1</Accuracy>
        <PlayerRating>0.15473339583236</PlayerRating>
        <ScenarioRating>0.562351396834468</ScenarioRating>
      </Gameplay>
      <Gameplay PlayerID="Noob" ScenarioID="Mage" Timestamp="2015/08/25 01:31:29">
        <RT>70852</RT>
        <Accuracy>1</Accuracy>
        <PlayerRating>0.19346542906015</PlayerRating>
        <ScenarioRating>1.35701688995453</ScenarioRating>
      </Gameplay>
      <Gameplay PlayerID="Noob" ScenarioID="Pirate" Timestamp="2015/08/25 01:32:19">
        <RT>40652</RT>
        <Accuracy>1</Accuracy>
        <PlayerRating>0.228656369856021</PlayerRating>
        <ScenarioRating>0.879984043050332</ScenarioRating>
      </Gameplay>
      <Gameplay PlayerID="Noob" ScenarioID="Engineer" Timestamp="2015/08/25 01:33:52">
        <RT>86193</RT>
        <Accuracy>0</Accuracy>
        <PlayerRating>0.215555357044375</PlayerRating>
        <ScenarioRating>1.61536849579828</ScenarioRating>
      </Gameplay>
      <Gameplay PlayerID="Noob" ScenarioID="Troll" Timestamp="2015/08/25 01:36:35">
        <RT>78396</RT>
        <Accuracy>1</Accuracy>
        <PlayerRating>0.243692245230595</PlayerRating>
        <ScenarioRating>0.529232895657901</ScenarioRating>
      </Gameplay>
      <Gameplay PlayerID="Noob" ScenarioID="Mage" Timestamp="2015/08/25 01:37:47">
        <RT>67408</RT>
        <Accuracy>1</Accuracy>
        <PlayerRating>0.277976729386106</PlayerRating>
        <ScenarioRating>1.315459939463</ScenarioRating>
      </Gameplay>
      <Gameplay PlayerID="Noob" ScenarioID="Pirate" Timestamp="2015/08/25 01:38:24">
        <RT>34785</RT>
        <Accuracy>1</Accuracy>
        <PlayerRating>0.309022989945533</PlayerRating>
        <ScenarioRating>0.84317662073761</ScenarioRating>
      </Gameplay>
      <Gameplay PlayerID="Noob" ScenarioID="Pirate" Timestamp="2015/08/25 01:39:05">
        <RT>35975</RT>
        <Accuracy>1</Accuracy>
        <PlayerRating>0.338704422316124</PlayerRating>
        <ScenarioRating>0.807851535733174</ScenarioRating>
      </Gameplay>
      <Gameplay PlayerID="Noob" ScenarioID="Knight" Timestamp="2015/08/25 01:40:34">
        <RT>53426</RT>
        <Accuracy>1</Accuracy>
        <PlayerRating>0.368916581179843</PlayerRating>
        <ScenarioRating>1.1587915039028</ScenarioRating>
      </Gameplay>
      <Gameplay PlayerID="Noob" ScenarioID="Mage" Timestamp="2015/08/25 01:43:12">
        <RT>139905</RT>
        <Accuracy>1</Accuracy>
        <PlayerRating>0.395474266307686</PlayerRating>
        <ScenarioRating>1.27991657139717</ScenarioRating>
      </Gameplay>
      <Gameplay PlayerID="Noob" ScenarioID="Troll" Timestamp="2015/08/25 01:43:52">
        <RT>34054</RT>
        <Accuracy>1</Accuracy>
        <PlayerRating>0.419366109264871</PlayerRating>
        <ScenarioRating>0.496173252496215</ScenarioRating>
      </Gameplay>
      <Gameplay PlayerID="Noob" ScenarioID="Mage" Timestamp="2015/08/25 01:44:51">
        <RT>51869</RT>
        <Accuracy>1</Accuracy>
        <PlayerRating>0.447301704930819</PlayerRating>
        <ScenarioRating>1.24096255353629</ScenarioRating>
      </Gameplay>
      <Gameplay PlayerID="Noob" ScenarioID="Mage" Timestamp="2015/08/25 01:50:52">
        <RT>52208</RT>
        <Accuracy>1</Accuracy>
        <PlayerRating>0.473998152727114</PlayerRating>
        <ScenarioRating>1.20343435028166</ScenarioRating>
      </Gameplay>
      <Gameplay PlayerID="Noob" ScenarioID="Mage" Timestamp="2015/08/25 01:51:41">
        <RT>45056</RT>
        <Accuracy>1</Accuracy>
        <PlayerRating>0.499768397566832</PlayerRating>
        <ScenarioRating>1.16689931962282</ScenarioRating>
      </Gameplay>
      <Gameplay PlayerID="Noob" ScenarioID="Engineer" Timestamp="2015/08/25 01:52:31">
        <RT>48082</RT>
        <Accuracy>1</Accuracy>
        <PlayerRating>0.526433612605381</PlayerRating>
        <ScenarioRating>1.57163754313506</ScenarioRating>
      </Gameplay>
      <Gameplay PlayerID="Noob" ScenarioID="Engineer" Timestamp="2015/08/25 01:53:55">
        <RT>67427</RT>
        <Accuracy>1</Accuracy>
        <PlayerRating>0.551224895367915</PlayerRating>
        <ScenarioRating>1.53047036717159</ScenarioRating>
      </Gameplay>
    </Game>
  </Adaptation>
</GameplaysData>